"landtype","spp","poolID","amountAtT0"
"53","ABIE.BAL","1",56
"53","ABIE.BAL","2",5
"53","ABIE.BAL","3",99
"53","ABIE.BAL","4",7
"53","ABIE.BAL","5",155
"53","ABIE.BAL","6",470
"53","ABIE.BAL","7",1012
"53","ABIE.BAL","8",78
"53","ABIE.BAL","9",35
"53","ABIE.BAL","10",0
"54","ABIE.BAL","1",51
"54","ABIE.BAL","2",4
"54","ABIE.BAL","3",96
"54","ABIE.BAL","4",6
"54","ABIE.BAL","5",148
"54","ABIE.BAL","6",474
"54","ABIE.BAL","7",1011
"54","ABIE.BAL","8",72
"54","ABIE.BAL","9",32
"54","ABIE.BAL","10",0
"59","ABIE.BAL","1",64
"59","ABIE.BAL","2",8
"59","ABIE.BAL","3",121
"59","ABIE.BAL","4",10
"59","ABIE.BAL","5",189
"59","ABIE.BAL","6",619
"59","ABIE.BAL","7",1370
"59","ABIE.BAL","8",83
"59","ABIE.BAL","9",40
"59","ABIE.BAL","10",0
"60","ABIE.BAL","1",228
"60","ABIE.BAL","2",14
"60","ABIE.BAL","3",430
"60","ABIE.BAL","4",24
"60","ABIE.BAL","5",343
"60","ABIE.BAL","6",1751
"60","ABIE.BAL","7",3534
"60","ABIE.BAL","8",178
"60","ABIE.BAL","9",181
"60","ABIE.BAL","10",0
"63","ABIE.BAL","1",1
"63","ABIE.BAL","2",0
"63","ABIE.BAL","3",7
"63","ABIE.BAL","4",1
"63","ABIE.BAL","5",20
"63","ABIE.BAL","6",67
"63","ABIE.BAL","7",180
"63","ABIE.BAL","8",4
"63","ABIE.BAL","9",1
"63","ABIE.BAL","10",0
"71","ABIE.BAL","1",119
"71","ABIE.BAL","2",11
"71","ABIE.BAL","3",208
"71","ABIE.BAL","4",14
"71","ABIE.BAL","5",305
"71","ABIE.BAL","6",956
"71","ABIE.BAL","7",2012
"71","ABIE.BAL","8",161
"71","ABIE.BAL","9",75
"71","ABIE.BAL","10",0
"118","ABIE.BAL","1",155
"118","ABIE.BAL","2",10
"118","ABIE.BAL","3",298
"118","ABIE.BAL","4",17
"118","ABIE.BAL","5",164
"118","ABIE.BAL","6",1213
"118","ABIE.BAL","7",2431
"118","ABIE.BAL","8",73
"118","ABIE.BAL","9",125
"118","ABIE.BAL","10",0
"119","ABIE.BAL","1",66
"119","ABIE.BAL","2",7
"119","ABIE.BAL","3",138
"119","ABIE.BAL","4",9
"119","ABIE.BAL","5",108
"119","ABIE.BAL","6",563
"119","ABIE.BAL","7",1207
"119","ABIE.BAL","8",46
"119","ABIE.BAL","9",54
"119","ABIE.BAL","10",0
"120","ABIE.BAL","1",88
"120","ABIE.BAL","2",6
"120","ABIE.BAL","3",157
"120","ABIE.BAL","4",13
"120","ABIE.BAL","5",63
"120","ABIE.BAL","6",605
"120","ABIE.BAL","7",1258
"120","ABIE.BAL","8",24
"120","ABIE.BAL","9",76
"120","ABIE.BAL","10",0
"121","ABIE.BAL","1",61
"121","ABIE.BAL","2",6
"121","ABIE.BAL","3",118
"121","ABIE.BAL","4",12
"121","ABIE.BAL","5",118
"121","ABIE.BAL","6",554
"121","ABIE.BAL","7",1198
"121","ABIE.BAL","8",46
"121","ABIE.BAL","9",42
"121","ABIE.BAL","10",0
"125","ABIE.BAL","1",118
"125","ABIE.BAL","2",10
"125","ABIE.BAL","3",197
"125","ABIE.BAL","4",22
"125","ABIE.BAL","5",123
"125","ABIE.BAL","6",868
"125","ABIE.BAL","7",1813
"125","ABIE.BAL","8",51
"125","ABIE.BAL","9",78
"125","ABIE.BAL","10",0
"129","ABIE.BAL","1",181
"129","ABIE.BAL","2",9
"129","ABIE.BAL","3",299
"129","ABIE.BAL","4",18
"129","ABIE.BAL","5",50
"129","ABIE.BAL","6",1048
"129","ABIE.BAL","7",2132
"129","ABIE.BAL","8",15
"129","ABIE.BAL","9",171
"129","ABIE.BAL","10",0
"53","ACER.RUB","1",0
"53","ACER.RUB","2",0
"53","ACER.RUB","3",0
"53","ACER.RUB","4",0
"53","ACER.RUB","5",2
"53","ACER.RUB","6",5
"53","ACER.RUB","7",12
"53","ACER.RUB","8",0
"53","ACER.RUB","9",0
"53","ACER.RUB","10",0
"54","ACER.RUB","1",0
"54","ACER.RUB","2",0
"54","ACER.RUB","3",1
"54","ACER.RUB","4",0
"54","ACER.RUB","5",4
"54","ACER.RUB","6",8
"54","ACER.RUB","7",21
"54","ACER.RUB","8",1
"54","ACER.RUB","9",0
"54","ACER.RUB","10",0
"59","ACER.RUB","1",3
"59","ACER.RUB","2",0
"59","ACER.RUB","3",12
"59","ACER.RUB","4",1
"59","ACER.RUB","5",6
"59","ACER.RUB","6",44
"59","ACER.RUB","7",91
"59","ACER.RUB","8",2
"59","ACER.RUB","9",3
"59","ACER.RUB","10",0
"60","ACER.RUB","1",62
"60","ACER.RUB","2",4
"60","ACER.RUB","3",170
"60","ACER.RUB","4",13
"60","ACER.RUB","5",349
"60","ACER.RUB","6",823
"60","ACER.RUB","7",1704
"60","ACER.RUB","8",168
"60","ACER.RUB","9",48
"60","ACER.RUB","10",0
"63","ACER.RUB","1",0
"63","ACER.RUB","2",0
"63","ACER.RUB","3",0
"63","ACER.RUB","4",0
"63","ACER.RUB","5",0
"63","ACER.RUB","6",0
"63","ACER.RUB","7",0
"63","ACER.RUB","8",0
"63","ACER.RUB","9",0
"63","ACER.RUB","10",0
"71","ACER.RUB","1",0
"71","ACER.RUB","2",0
"71","ACER.RUB","3",0
"71","ACER.RUB","4",0
"71","ACER.RUB","5",0
"71","ACER.RUB","6",0
"71","ACER.RUB","7",0
"71","ACER.RUB","8",0
"71","ACER.RUB","9",0
"71","ACER.RUB","10",0
"118","ACER.RUB","1",3
"118","ACER.RUB","2",0
"118","ACER.RUB","3",33
"118","ACER.RUB","4",3
"118","ACER.RUB","5",93
"118","ACER.RUB","6",225
"118","ACER.RUB","7",524
"118","ACER.RUB","8",29
"118","ACER.RUB","9",3
"118","ACER.RUB","10",0
"119","ACER.RUB","1",0
"119","ACER.RUB","2",0
"119","ACER.RUB","3",0
"119","ACER.RUB","4",0
"119","ACER.RUB","5",0
"119","ACER.RUB","6",0
"119","ACER.RUB","7",0
"119","ACER.RUB","8",0
"119","ACER.RUB","9",0
"119","ACER.RUB","10",0
"120","ACER.RUB","1",0
"120","ACER.RUB","2",0
"120","ACER.RUB","3",0
"120","ACER.RUB","4",0
"120","ACER.RUB","5",0
"120","ACER.RUB","6",0
"120","ACER.RUB","7",0
"120","ACER.RUB","8",0
"120","ACER.RUB","9",0
"120","ACER.RUB","10",0
"121","ACER.RUB","1",54
"121","ACER.RUB","2",3
"121","ACER.RUB","3",118
"121","ACER.RUB","4",11
"121","ACER.RUB","5",190
"121","ACER.RUB","6",535
"121","ACER.RUB","7",1115
"121","ACER.RUB","8",84
"121","ACER.RUB","9",47
"121","ACER.RUB","10",0
"125","ACER.RUB","1",64
"125","ACER.RUB","2",3
"125","ACER.RUB","3",126
"125","ACER.RUB","4",15
"125","ACER.RUB","5",391
"125","ACER.RUB","6",709
"125","ACER.RUB","7",1477
"125","ACER.RUB","8",162
"125","ACER.RUB","9",45
"125","ACER.RUB","10",0
"129","ACER.RUB","1",0
"129","ACER.RUB","2",0
"129","ACER.RUB","3",0
"129","ACER.RUB","4",0
"129","ACER.RUB","5",0
"129","ACER.RUB","6",0
"129","ACER.RUB","7",0
"129","ACER.RUB","8",0
"129","ACER.RUB","9",0
"129","ACER.RUB","10",0
"53","ACER.SAH","1",0
"53","ACER.SAH","2",0
"53","ACER.SAH","3",0
"53","ACER.SAH","4",0
"53","ACER.SAH","5",25
"53","ACER.SAH","6",34
"53","ACER.SAH","7",105
"53","ACER.SAH","8",2
"53","ACER.SAH","9",0
"53","ACER.SAH","10",0
"54","ACER.SAH","1",0
"54","ACER.SAH","2",0
"54","ACER.SAH","3",0
"54","ACER.SAH","4",0
"54","ACER.SAH","5",45
"54","ACER.SAH","6",55
"54","ACER.SAH","7",151
"54","ACER.SAH","8",6
"54","ACER.SAH","9",0
"54","ACER.SAH","10",0
"59","ACER.SAH","1",0
"59","ACER.SAH","2",0
"59","ACER.SAH","3",0
"59","ACER.SAH","4",0
"59","ACER.SAH","5",46
"59","ACER.SAH","6",78
"59","ACER.SAH","7",266
"59","ACER.SAH","8",2
"59","ACER.SAH","9",0
"59","ACER.SAH","10",0
"60","ACER.SAH","1",105
"60","ACER.SAH","2",1
"60","ACER.SAH","3",428
"60","ACER.SAH","4",20
"60","ACER.SAH","5",989
"60","ACER.SAH","6",2047
"60","ACER.SAH","7",4070
"60","ACER.SAH","8",411
"60","ACER.SAH","9",93
"60","ACER.SAH","10",0
"63","ACER.SAH","1",0
"63","ACER.SAH","2",0
"63","ACER.SAH","3",0
"63","ACER.SAH","4",0
"63","ACER.SAH","5",0
"63","ACER.SAH","6",0
"63","ACER.SAH","7",0
"63","ACER.SAH","8",0
"63","ACER.SAH","9",0
"63","ACER.SAH","10",0
"71","ACER.SAH","1",0
"71","ACER.SAH","2",0
"71","ACER.SAH","3",0
"71","ACER.SAH","4",0
"71","ACER.SAH","5",0
"71","ACER.SAH","6",0
"71","ACER.SAH","7",0
"71","ACER.SAH","8",0
"71","ACER.SAH","9",0
"71","ACER.SAH","10",0
"118","ACER.SAH","1",0
"118","ACER.SAH","2",0
"118","ACER.SAH","3",0
"118","ACER.SAH","4",0
"118","ACER.SAH","5",0
"118","ACER.SAH","6",0
"118","ACER.SAH","7",0
"118","ACER.SAH","8",0
"118","ACER.SAH","9",0
"118","ACER.SAH","10",0
"119","ACER.SAH","1",0
"119","ACER.SAH","2",0
"119","ACER.SAH","3",0
"119","ACER.SAH","4",0
"119","ACER.SAH","5",0
"119","ACER.SAH","6",0
"119","ACER.SAH","7",0
"119","ACER.SAH","8",0
"119","ACER.SAH","9",0
"119","ACER.SAH","10",0
"120","ACER.SAH","1",0
"120","ACER.SAH","2",0
"120","ACER.SAH","3",0
"120","ACER.SAH","4",0
"120","ACER.SAH","5",0
"120","ACER.SAH","6",0
"120","ACER.SAH","7",0
"120","ACER.SAH","8",0
"120","ACER.SAH","9",0
"120","ACER.SAH","10",0
"121","ACER.SAH","1",0
"121","ACER.SAH","2",0
"121","ACER.SAH","3",0
"121","ACER.SAH","4",0
"121","ACER.SAH","5",0
"121","ACER.SAH","6",0
"121","ACER.SAH","7",0
"121","ACER.SAH","8",0
"121","ACER.SAH","9",0
"121","ACER.SAH","10",0
"125","ACER.SAH","1",0
"125","ACER.SAH","2",0
"125","ACER.SAH","3",0
"125","ACER.SAH","4",0
"125","ACER.SAH","5",0
"125","ACER.SAH","6",0
"125","ACER.SAH","7",0
"125","ACER.SAH","8",0
"125","ACER.SAH","9",0
"125","ACER.SAH","10",0
"129","ACER.SAH","1",0
"129","ACER.SAH","2",0
"129","ACER.SAH","3",0
"129","ACER.SAH","4",0
"129","ACER.SAH","5",0
"129","ACER.SAH","6",0
"129","ACER.SAH","7",0
"129","ACER.SAH","8",0
"129","ACER.SAH","9",0
"129","ACER.SAH","10",0
"53","BETU.ALL","1",3
"53","BETU.ALL","2",0
"53","BETU.ALL","3",18
"53","BETU.ALL","4",1
"53","BETU.ALL","5",134
"53","BETU.ALL","6",217
"53","BETU.ALL","7",518
"53","BETU.ALL","8",33
"53","BETU.ALL","9",2
"53","BETU.ALL","10",0
"54","BETU.ALL","1",10
"54","BETU.ALL","2",0
"54","BETU.ALL","3",42
"54","BETU.ALL","4",3
"54","BETU.ALL","5",206
"54","BETU.ALL","6",324
"54","BETU.ALL","7",739
"54","BETU.ALL","8",67
"54","BETU.ALL","9",6
"54","BETU.ALL","10",0
"59","BETU.ALL","1",27
"59","BETU.ALL","2",1
"59","BETU.ALL","3",62
"59","BETU.ALL","4",4
"59","BETU.ALL","5",501
"59","BETU.ALL","6",615
"59","BETU.ALL","7",1339
"59","BETU.ALL","8",199
"59","BETU.ALL","9",14
"59","BETU.ALL","10",0
"60","BETU.ALL","1",3
"60","BETU.ALL","2",0
"60","BETU.ALL","3",66
"60","BETU.ALL","4",11
"60","BETU.ALL","5",433
"60","BETU.ALL","6",394
"60","BETU.ALL","7",833
"60","BETU.ALL","8",144
"60","BETU.ALL","9",7
"60","BETU.ALL","10",0
"63","BETU.ALL","1",0
"63","BETU.ALL","2",0
"63","BETU.ALL","3",0
"63","BETU.ALL","4",0
"63","BETU.ALL","5",0
"63","BETU.ALL","6",0
"63","BETU.ALL","7",0
"63","BETU.ALL","8",0
"63","BETU.ALL","9",0
"63","BETU.ALL","10",0
"71","BETU.ALL","1",0
"71","BETU.ALL","2",0
"71","BETU.ALL","3",0
"71","BETU.ALL","4",0
"71","BETU.ALL","5",0
"71","BETU.ALL","6",0
"71","BETU.ALL","7",0
"71","BETU.ALL","8",0
"71","BETU.ALL","9",0
"71","BETU.ALL","10",0
"118","BETU.ALL","1",0
"118","BETU.ALL","2",0
"118","BETU.ALL","3",0
"118","BETU.ALL","4",0
"118","BETU.ALL","5",0
"118","BETU.ALL","6",0
"118","BETU.ALL","7",0
"118","BETU.ALL","8",0
"118","BETU.ALL","9",0
"118","BETU.ALL","10",0
"119","BETU.ALL","1",0
"119","BETU.ALL","2",0
"119","BETU.ALL","3",0
"119","BETU.ALL","4",0
"119","BETU.ALL","5",0
"119","BETU.ALL","6",0
"119","BETU.ALL","7",0
"119","BETU.ALL","8",0
"119","BETU.ALL","9",0
"119","BETU.ALL","10",0
"120","BETU.ALL","1",0
"120","BETU.ALL","2",0
"120","BETU.ALL","3",0
"120","BETU.ALL","4",0
"120","BETU.ALL","5",0
"120","BETU.ALL","6",0
"120","BETU.ALL","7",0
"120","BETU.ALL","8",0
"120","BETU.ALL","9",0
"120","BETU.ALL","10",0
"121","BETU.ALL","1",0
"121","BETU.ALL","2",0
"121","BETU.ALL","3",3
"121","BETU.ALL","4",0
"121","BETU.ALL","5",153
"121","BETU.ALL","6",207
"121","BETU.ALL","7",530
"121","BETU.ALL","8",26
"121","BETU.ALL","9",0
"121","BETU.ALL","10",0
"125","BETU.ALL","1",91
"125","BETU.ALL","2",3
"125","BETU.ALL","3",183
"125","BETU.ALL","4",17
"125","BETU.ALL","5",323
"125","BETU.ALL","6",798
"125","BETU.ALL","7",1605
"125","BETU.ALL","8",167
"125","BETU.ALL","9",71
"125","BETU.ALL","10",0
"129","BETU.ALL","1",0
"129","BETU.ALL","2",0
"129","BETU.ALL","3",0
"129","BETU.ALL","4",0
"129","BETU.ALL","5",0
"129","BETU.ALL","6",0
"129","BETU.ALL","7",0
"129","BETU.ALL","8",0
"129","BETU.ALL","9",0
"129","BETU.ALL","10",0
"53","BETU.PAP","1",24
"53","BETU.PAP","2",1
"53","BETU.PAP","3",70
"53","BETU.PAP","4",4
"53","BETU.PAP","5",149
"53","BETU.PAP","6",384
"53","BETU.PAP","7",823
"53","BETU.PAP","8",63
"53","BETU.PAP","9",20
"53","BETU.PAP","10",0
"54","BETU.PAP","1",10
"54","BETU.PAP","2",0
"54","BETU.PAP","3",37
"54","BETU.PAP","4",2
"54","BETU.PAP","5",115
"54","BETU.PAP","6",260
"54","BETU.PAP","7",579
"54","BETU.PAP","8",45
"54","BETU.PAP","9",7
"54","BETU.PAP","10",0
"59","BETU.PAP","1",34
"59","BETU.PAP","2",2
"59","BETU.PAP","3",87
"59","BETU.PAP","4",6
"59","BETU.PAP","5",162
"59","BETU.PAP","6",432
"59","BETU.PAP","7",902
"59","BETU.PAP","8",74
"59","BETU.PAP","9",28
"59","BETU.PAP","10",0
"60","BETU.PAP","1",85
"60","BETU.PAP","2",3
"60","BETU.PAP","3",246
"60","BETU.PAP","4",14
"60","BETU.PAP","5",196
"60","BETU.PAP","6",975
"60","BETU.PAP","7",1964
"60","BETU.PAP","8",97
"60","BETU.PAP","9",89
"60","BETU.PAP","10",0
"63","BETU.PAP","1",1
"63","BETU.PAP","2",0
"63","BETU.PAP","3",12
"63","BETU.PAP","4",1
"63","BETU.PAP","5",59
"63","BETU.PAP","6",145
"63","BETU.PAP","7",349
"63","BETU.PAP","8",14
"63","BETU.PAP","9",0
"63","BETU.PAP","10",0
"71","BETU.PAP","1",63
"71","BETU.PAP","2",2
"71","BETU.PAP","3",158
"71","BETU.PAP","4",6
"71","BETU.PAP","5",268
"71","BETU.PAP","6",702
"71","BETU.PAP","7",1404
"71","BETU.PAP","8",145
"71","BETU.PAP","9",54
"71","BETU.PAP","10",0
"118","BETU.PAP","1",50
"118","BETU.PAP","2",1
"118","BETU.PAP","3",139
"118","BETU.PAP","4",7
"118","BETU.PAP","5",168
"118","BETU.PAP","6",617
"118","BETU.PAP","7",1260
"118","BETU.PAP","8",98
"118","BETU.PAP","9",42
"118","BETU.PAP","10",0
"119","BETU.PAP","1",5
"119","BETU.PAP","2",0
"119","BETU.PAP","3",24
"119","BETU.PAP","4",4
"119","BETU.PAP","5",3
"119","BETU.PAP","6",113
"119","BETU.PAP","7",264
"119","BETU.PAP","8",1
"119","BETU.PAP","9",5
"119","BETU.PAP","10",0
"120","BETU.PAP","1",35
"120","BETU.PAP","2",1
"120","BETU.PAP","3",96
"120","BETU.PAP","4",12
"120","BETU.PAP","5",21
"120","BETU.PAP","6",374
"120","BETU.PAP","7",768
"120","BETU.PAP","8",9
"120","BETU.PAP","9",32
"120","BETU.PAP","10",0
"121","BETU.PAP","1",63
"121","BETU.PAP","2",3
"121","BETU.PAP","3",163
"121","BETU.PAP","4",16
"121","BETU.PAP","5",150
"121","BETU.PAP","6",698
"121","BETU.PAP","7",1423
"121","BETU.PAP","8",73
"121","BETU.PAP","9",56
"121","BETU.PAP","10",0
"125","BETU.PAP","1",111
"125","BETU.PAP","2",3
"125","BETU.PAP","3",347
"125","BETU.PAP","4",17
"125","BETU.PAP","5",231
"125","BETU.PAP","6",1346
"125","BETU.PAP","7",2673
"125","BETU.PAP","8",117
"125","BETU.PAP","9",123
"125","BETU.PAP","10",0
"129","BETU.PAP","1",0
"129","BETU.PAP","2",0
"129","BETU.PAP","3",6
"129","BETU.PAP","4",1
"129","BETU.PAP","5",50
"129","BETU.PAP","6",80
"129","BETU.PAP","7",211
"129","BETU.PAP","8",11
"129","BETU.PAP","9",0
"129","BETU.PAP","10",0
"53","FAGU.GRA","1",0
"53","FAGU.GRA","2",0
"53","FAGU.GRA","3",0
"53","FAGU.GRA","4",0
"53","FAGU.GRA","5",0
"53","FAGU.GRA","6",1
"53","FAGU.GRA","7",3
"53","FAGU.GRA","8",0
"53","FAGU.GRA","9",0
"53","FAGU.GRA","10",0
"54","FAGU.GRA","1",0
"54","FAGU.GRA","2",0
"54","FAGU.GRA","3",0
"54","FAGU.GRA","4",0
"54","FAGU.GRA","5",0
"54","FAGU.GRA","6",0
"54","FAGU.GRA","7",0
"54","FAGU.GRA","8",0
"54","FAGU.GRA","9",0
"54","FAGU.GRA","10",0
"59","FAGU.GRA","1",0
"59","FAGU.GRA","2",0
"59","FAGU.GRA","3",0
"59","FAGU.GRA","4",0
"59","FAGU.GRA","5",0
"59","FAGU.GRA","6",3
"59","FAGU.GRA","7",7
"59","FAGU.GRA","8",0
"59","FAGU.GRA","9",0
"59","FAGU.GRA","10",0
"60","FAGU.GRA","1",0
"60","FAGU.GRA","2",0
"60","FAGU.GRA","3",0
"60","FAGU.GRA","4",0
"60","FAGU.GRA","5",0
"60","FAGU.GRA","6",0
"60","FAGU.GRA","7",0
"60","FAGU.GRA","8",0
"60","FAGU.GRA","9",0
"60","FAGU.GRA","10",0
"63","FAGU.GRA","1",0
"63","FAGU.GRA","2",0
"63","FAGU.GRA","3",0
"63","FAGU.GRA","4",0
"63","FAGU.GRA","5",0
"63","FAGU.GRA","6",0
"63","FAGU.GRA","7",0
"63","FAGU.GRA","8",0
"63","FAGU.GRA","9",0
"63","FAGU.GRA","10",0
"71","FAGU.GRA","1",0
"71","FAGU.GRA","2",0
"71","FAGU.GRA","3",0
"71","FAGU.GRA","4",0
"71","FAGU.GRA","5",0
"71","FAGU.GRA","6",0
"71","FAGU.GRA","7",0
"71","FAGU.GRA","8",0
"71","FAGU.GRA","9",0
"71","FAGU.GRA","10",0
"118","FAGU.GRA","1",0
"118","FAGU.GRA","2",0
"118","FAGU.GRA","3",0
"118","FAGU.GRA","4",0
"118","FAGU.GRA","5",0
"118","FAGU.GRA","6",0
"118","FAGU.GRA","7",0
"118","FAGU.GRA","8",0
"118","FAGU.GRA","9",0
"118","FAGU.GRA","10",0
"119","FAGU.GRA","1",0
"119","FAGU.GRA","2",0
"119","FAGU.GRA","3",0
"119","FAGU.GRA","4",0
"119","FAGU.GRA","5",0
"119","FAGU.GRA","6",0
"119","FAGU.GRA","7",0
"119","FAGU.GRA","8",0
"119","FAGU.GRA","9",0
"119","FAGU.GRA","10",0
"120","FAGU.GRA","1",0
"120","FAGU.GRA","2",0
"120","FAGU.GRA","3",0
"120","FAGU.GRA","4",0
"120","FAGU.GRA","5",0
"120","FAGU.GRA","6",0
"120","FAGU.GRA","7",0
"120","FAGU.GRA","8",0
"120","FAGU.GRA","9",0
"120","FAGU.GRA","10",0
"121","FAGU.GRA","1",0
"121","FAGU.GRA","2",0
"121","FAGU.GRA","3",0
"121","FAGU.GRA","4",0
"121","FAGU.GRA","5",0
"121","FAGU.GRA","6",0
"121","FAGU.GRA","7",0
"121","FAGU.GRA","8",0
"121","FAGU.GRA","9",0
"121","FAGU.GRA","10",0
"125","FAGU.GRA","1",0
"125","FAGU.GRA","2",0
"125","FAGU.GRA","3",0
"125","FAGU.GRA","4",0
"125","FAGU.GRA","5",0
"125","FAGU.GRA","6",0
"125","FAGU.GRA","7",0
"125","FAGU.GRA","8",0
"125","FAGU.GRA","9",0
"125","FAGU.GRA","10",0
"129","FAGU.GRA","1",0
"129","FAGU.GRA","2",0
"129","FAGU.GRA","3",0
"129","FAGU.GRA","4",0
"129","FAGU.GRA","5",0
"129","FAGU.GRA","6",0
"129","FAGU.GRA","7",0
"129","FAGU.GRA","8",0
"129","FAGU.GRA","9",0
"129","FAGU.GRA","10",0
"53","LARI.LAR","1",1
"53","LARI.LAR","2",0
"53","LARI.LAR","3",10
"53","LARI.LAR","4",1
"53","LARI.LAR","5",18
"53","LARI.LAR","6",61
"53","LARI.LAR","7",148
"53","LARI.LAR","8",4
"53","LARI.LAR","9",2
"53","LARI.LAR","10",0
"54","LARI.LAR","1",3
"54","LARI.LAR","2",0
"54","LARI.LAR","3",19
"54","LARI.LAR","4",1
"54","LARI.LAR","5",31
"54","LARI.LAR","6",105
"54","LARI.LAR","7",242
"54","LARI.LAR","8",9
"54","LARI.LAR","9",3
"54","LARI.LAR","10",0
"59","LARI.LAR","1",4
"59","LARI.LAR","2",0
"59","LARI.LAR","3",18
"59","LARI.LAR","4",1
"59","LARI.LAR","5",16
"59","LARI.LAR","6",89
"59","LARI.LAR","7",208
"59","LARI.LAR","8",5
"59","LARI.LAR","9",5
"59","LARI.LAR","10",0
"60","LARI.LAR","1",10
"60","LARI.LAR","2",1
"60","LARI.LAR","3",36
"60","LARI.LAR","4",2
"60","LARI.LAR","5",21
"60","LARI.LAR","6",155
"60","LARI.LAR","7",350
"60","LARI.LAR","8",9
"60","LARI.LAR","9",10
"60","LARI.LAR","10",0
"63","LARI.LAR","1",0
"63","LARI.LAR","2",0
"63","LARI.LAR","3",2
"63","LARI.LAR","4",0
"63","LARI.LAR","5",9
"63","LARI.LAR","6",28
"63","LARI.LAR","7",76
"63","LARI.LAR","8",2
"63","LARI.LAR","9",0
"63","LARI.LAR","10",0
"71","LARI.LAR","1",1
"71","LARI.LAR","2",0
"71","LARI.LAR","3",8
"71","LARI.LAR","4",0
"71","LARI.LAR","5",6
"71","LARI.LAR","6",49
"71","LARI.LAR","7",123
"71","LARI.LAR","8",1
"71","LARI.LAR","9",1
"71","LARI.LAR","10",0
"118","LARI.LAR","1",61
"118","LARI.LAR","2",4
"118","LARI.LAR","3",116
"118","LARI.LAR","4",9
"118","LARI.LAR","5",72
"118","LARI.LAR","6",443
"118","LARI.LAR","7",931
"118","LARI.LAR","8",32
"118","LARI.LAR","9",58
"118","LARI.LAR","10",0
"119","LARI.LAR","1",45
"119","LARI.LAR","2",4
"119","LARI.LAR","3",105
"119","LARI.LAR","4",9
"119","LARI.LAR","5",97
"119","LARI.LAR","6",416
"119","LARI.LAR","7",875
"119","LARI.LAR","8",47
"119","LARI.LAR","9",40
"119","LARI.LAR","10",0
"120","LARI.LAR","1",24
"120","LARI.LAR","2",2
"120","LARI.LAR","3",52
"120","LARI.LAR","4",9
"120","LARI.LAR","5",33
"120","LARI.LAR","6",212
"120","LARI.LAR","7",464
"120","LARI.LAR","8",13
"120","LARI.LAR","9",20
"120","LARI.LAR","10",0
"121","LARI.LAR","1",20
"121","LARI.LAR","2",1
"121","LARI.LAR","3",38
"121","LARI.LAR","4",9
"121","LARI.LAR","5",17
"121","LARI.LAR","6",157
"121","LARI.LAR","7",352
"121","LARI.LAR","8",5
"121","LARI.LAR","9",15
"121","LARI.LAR","10",0
"125","LARI.LAR","1",81
"125","LARI.LAR","2",5
"125","LARI.LAR","3",168
"125","LARI.LAR","4",10
"125","LARI.LAR","5",106
"125","LARI.LAR","6",620
"125","LARI.LAR","7",1271
"125","LARI.LAR","8",52
"125","LARI.LAR","9",82
"125","LARI.LAR","10",0
"129","LARI.LAR","1",0
"129","LARI.LAR","2",0
"129","LARI.LAR","3",1
"129","LARI.LAR","4",0
"129","LARI.LAR","5",0
"129","LARI.LAR","6",14
"129","LARI.LAR","7",42
"129","LARI.LAR","8",0
"129","LARI.LAR","9",0
"129","LARI.LAR","10",0
"53","PICE.GLA","1",483
"53","PICE.GLA","2",28
"53","PICE.GLA","3",664
"53","PICE.GLA","4",59
"53","PICE.GLA","5",860
"53","PICE.GLA","6",2805
"53","PICE.GLA","7",5965
"53","PICE.GLA","8",405
"53","PICE.GLA","9",298
"53","PICE.GLA","10",0
"54","PICE.GLA","1",615
"54","PICE.GLA","2",34
"54","PICE.GLA","3",851
"54","PICE.GLA","4",71
"54","PICE.GLA","5",1076
"54","PICE.GLA","6",3497
"54","PICE.GLA","7",7339
"54","PICE.GLA","8",539
"54","PICE.GLA","9",383
"54","PICE.GLA","10",0
"59","PICE.GLA","1",594
"59","PICE.GLA","2",31
"59","PICE.GLA","3",842
"59","PICE.GLA","4",69
"59","PICE.GLA","5",925
"59","PICE.GLA","6",3382
"59","PICE.GLA","7",7059
"59","PICE.GLA","8",459
"59","PICE.GLA","9",395
"59","PICE.GLA","10",0
"60","PICE.GLA","1",610
"60","PICE.GLA","2",31
"60","PICE.GLA","3",840
"60","PICE.GLA","4",74
"60","PICE.GLA","5",667
"60","PICE.GLA","6",3341
"60","PICE.GLA","7",6956
"60","PICE.GLA","8",349
"60","PICE.GLA","9",427
"60","PICE.GLA","10",0
"63","PICE.GLA","1",6
"63","PICE.GLA","2",0
"63","PICE.GLA","3",49
"63","PICE.GLA","4",3
"63","PICE.GLA","5",477
"63","PICE.GLA","6",707
"63","PICE.GLA","7",1633
"63","PICE.GLA","8",150
"63","PICE.GLA","9",3
"63","PICE.GLA","10",0
"71","PICE.GLA","1",792
"71","PICE.GLA","2",44
"71","PICE.GLA","3",1128
"71","PICE.GLA","4",90
"71","PICE.GLA","5",1197
"71","PICE.GLA","6",4444
"71","PICE.GLA","7",9275
"71","PICE.GLA","8",599
"71","PICE.GLA","9",517
"71","PICE.GLA","10",0
"118","PICE.GLA","1",631
"118","PICE.GLA","2",32
"118","PICE.GLA","3",819
"118","PICE.GLA","4",61
"118","PICE.GLA","5",1221
"118","PICE.GLA","6",3471
"118","PICE.GLA","7",7060
"118","PICE.GLA","8",713
"118","PICE.GLA","9",406
"118","PICE.GLA","10",0
"119","PICE.GLA","1",918
"119","PICE.GLA","2",47
"119","PICE.GLA","3",1162
"119","PICE.GLA","4",87
"119","PICE.GLA","5",1615
"119","PICE.GLA","6",4765
"119","PICE.GLA","7",9605
"119","PICE.GLA","8",962
"119","PICE.GLA","9",586
"119","PICE.GLA","10",0
"120","PICE.GLA","1",696
"120","PICE.GLA","2",35
"120","PICE.GLA","3",875
"120","PICE.GLA","4",77
"120","PICE.GLA","5",914
"120","PICE.GLA","6",3574
"120","PICE.GLA","7",7266
"120","PICE.GLA","8",520
"120","PICE.GLA","9",456
"120","PICE.GLA","10",0
"121","PICE.GLA","1",217
"121","PICE.GLA","2",10
"121","PICE.GLA","3",338
"121","PICE.GLA","4",32
"121","PICE.GLA","5",268
"121","PICE.GLA","6",1443
"121","PICE.GLA","7",3070
"121","PICE.GLA","8",116
"121","PICE.GLA","9",157
"121","PICE.GLA","10",0
"125","PICE.GLA","1",755
"125","PICE.GLA","2",37
"125","PICE.GLA","3",1005
"125","PICE.GLA","4",90
"125","PICE.GLA","5",1375
"125","PICE.GLA","6",4396
"125","PICE.GLA","7",9057
"125","PICE.GLA","8",799
"125","PICE.GLA","9",525
"125","PICE.GLA","10",0
"129","PICE.GLA","1",1736
"129","PICE.GLA","2",95
"129","PICE.GLA","3",2093
"129","PICE.GLA","4",160
"129","PICE.GLA","5",3843
"129","PICE.GLA","6",8960
"129","PICE.GLA","7",17839
"129","PICE.GLA","8",2552
"129","PICE.GLA","9",956
"129","PICE.GLA","10",0
"53","PICE.MAR","1",1470
"53","PICE.MAR","2",72
"53","PICE.MAR","3",1736
"53","PICE.MAR","4",142
"53","PICE.MAR","5",5036
"53","PICE.MAR","6",8783
"53","PICE.MAR","7",17543
"53","PICE.MAR","8",3007
"53","PICE.MAR","9",750
"53","PICE.MAR","10",0
"54","PICE.MAR","1",1781
"54","PICE.MAR","2",77
"54","PICE.MAR","3",2187
"54","PICE.MAR","4",146
"54","PICE.MAR","5",5474
"54","PICE.MAR","6",10475
"54","PICE.MAR","7",20567
"54","PICE.MAR","8",3379
"54","PICE.MAR","9",935
"54","PICE.MAR","10",0
"59","PICE.MAR","1",1317
"59","PICE.MAR","2",62
"59","PICE.MAR","3",1659
"59","PICE.MAR","4",134
"59","PICE.MAR","5",4932
"59","PICE.MAR","6",8675
"59","PICE.MAR","7",17392
"59","PICE.MAR","8",2890
"59","PICE.MAR","9",704
"59","PICE.MAR","10",0
"60","PICE.MAR","1",986
"60","PICE.MAR","2",48
"60","PICE.MAR","3",1281
"60","PICE.MAR","4",105
"60","PICE.MAR","5",3498
"60","PICE.MAR","6",6614
"60","PICE.MAR","7",13380
"60","PICE.MAR","8",2046
"60","PICE.MAR","9",545
"60","PICE.MAR","10",0
"63","PICE.MAR","1",1401
"63","PICE.MAR","2",74
"63","PICE.MAR","3",1584
"63","PICE.MAR","4",145
"63","PICE.MAR","5",5779
"63","PICE.MAR","6",8696
"63","PICE.MAR","7",17535
"63","PICE.MAR","8",3380
"63","PICE.MAR","9",663
"63","PICE.MAR","10",0
"71","PICE.MAR","1",1125
"71","PICE.MAR","2",58
"71","PICE.MAR","3",1423
"71","PICE.MAR","4",116
"71","PICE.MAR","5",3384
"71","PICE.MAR","6",6830
"71","PICE.MAR","7",13750
"71","PICE.MAR","8",1987
"71","PICE.MAR","9",626
"71","PICE.MAR","10",0
"118","PICE.MAR","1",1114
"118","PICE.MAR","2",55
"118","PICE.MAR","3",1556
"118","PICE.MAR","4",112
"118","PICE.MAR","5",3309
"118","PICE.MAR","6",7273
"118","PICE.MAR","7",14588
"118","PICE.MAR","8",1953
"118","PICE.MAR","9",667
"118","PICE.MAR","10",0
"119","PICE.MAR","1",1411
"119","PICE.MAR","2",64
"119","PICE.MAR","3",1971
"119","PICE.MAR","4",136
"119","PICE.MAR","5",3491
"119","PICE.MAR","6",8683
"119","PICE.MAR","7",17220
"119","PICE.MAR","8",2044
"119","PICE.MAR","9",871
"119","PICE.MAR","10",0
"120","PICE.MAR","1",1142
"120","PICE.MAR","2",56
"120","PICE.MAR","3",1629
"120","PICE.MAR","4",122
"120","PICE.MAR","5",2920
"120","PICE.MAR","6",7229
"120","PICE.MAR","7",14442
"120","PICE.MAR","8",1705
"120","PICE.MAR","9",720
"120","PICE.MAR","10",0
"121","PICE.MAR","1",883
"121","PICE.MAR","2",48
"121","PICE.MAR","3",1136
"121","PICE.MAR","4",104
"121","PICE.MAR","5",2763
"121","PICE.MAR","6",5601
"121","PICE.MAR","7",11446
"121","PICE.MAR","8",1576
"121","PICE.MAR","9",486
"121","PICE.MAR","10",0
"125","PICE.MAR","1",981
"125","PICE.MAR","2",50
"125","PICE.MAR","3",1254
"125","PICE.MAR","4",108
"125","PICE.MAR","5",3222
"125","PICE.MAR","6",6357
"125","PICE.MAR","7",12962
"125","PICE.MAR","8",1874
"125","PICE.MAR","9",536
"125","PICE.MAR","10",0
"129","PICE.MAR","1",879
"129","PICE.MAR","2",44
"129","PICE.MAR","3",1302
"129","PICE.MAR","4",90
"129","PICE.MAR","5",2527
"129","PICE.MAR","6",5913
"129","PICE.MAR","7",11864
"129","PICE.MAR","8",1502
"129","PICE.MAR","9",542
"129","PICE.MAR","10",0
"53","PICE.RUB","1",593
"53","PICE.RUB","2",17
"53","PICE.RUB","3",541
"53","PICE.RUB","4",41
"53","PICE.RUB","5",5028
"53","PICE.RUB","6",6183
"53","PICE.RUB","7",12395
"53","PICE.RUB","8",2735
"53","PICE.RUB","9",168
"53","PICE.RUB","10",0
"54","PICE.RUB","1",263
"54","PICE.RUB","2",9
"54","PICE.RUB","3",487
"54","PICE.RUB","4",27
"54","PICE.RUB","5",1361
"54","PICE.RUB","6",2845
"54","PICE.RUB","7",5874
"54","PICE.RUB","8",536
"54","PICE.RUB","9",215
"54","PICE.RUB","10",0
"59","PICE.RUB","1",1468
"59","PICE.RUB","2",43
"59","PICE.RUB","3",2613
"59","PICE.RUB","4",104
"59","PICE.RUB","5",2030
"59","PICE.RUB","6",10254
"59","PICE.RUB","7",19712
"59","PICE.RUB","8",1033
"59","PICE.RUB","9",1234
"59","PICE.RUB","10",0
"60","PICE.RUB","1",2078
"60","PICE.RUB","2",76
"60","PICE.RUB","3",3472
"60","PICE.RUB","4",161
"60","PICE.RUB","5",2403
"60","PICE.RUB","6",12311
"60","PICE.RUB","7",23688
"60","PICE.RUB","8",1432
"60","PICE.RUB","9",1683
"60","PICE.RUB","10",0
"63","PICE.RUB","1",0
"63","PICE.RUB","2",0
"63","PICE.RUB","3",0
"63","PICE.RUB","4",0
"63","PICE.RUB","5",0
"63","PICE.RUB","6",0
"63","PICE.RUB","7",0
"63","PICE.RUB","8",0
"63","PICE.RUB","9",0
"63","PICE.RUB","10",0
"71","PICE.RUB","1",0
"71","PICE.RUB","2",0
"71","PICE.RUB","3",0
"71","PICE.RUB","4",0
"71","PICE.RUB","5",0
"71","PICE.RUB","6",0
"71","PICE.RUB","7",0
"71","PICE.RUB","8",0
"71","PICE.RUB","9",0
"71","PICE.RUB","10",0
"118","PICE.RUB","1",0
"118","PICE.RUB","2",0
"118","PICE.RUB","3",0
"118","PICE.RUB","4",0
"118","PICE.RUB","5",0
"118","PICE.RUB","6",0
"118","PICE.RUB","7",0
"118","PICE.RUB","8",0
"118","PICE.RUB","9",0
"118","PICE.RUB","10",0
"119","PICE.RUB","1",0
"119","PICE.RUB","2",0
"119","PICE.RUB","3",0
"119","PICE.RUB","4",0
"119","PICE.RUB","5",0
"119","PICE.RUB","6",0
"119","PICE.RUB","7",0
"119","PICE.RUB","8",0
"119","PICE.RUB","9",0
"119","PICE.RUB","10",0
"120","PICE.RUB","1",0
"120","PICE.RUB","2",0
"120","PICE.RUB","3",0
"120","PICE.RUB","4",0
"120","PICE.RUB","5",0
"120","PICE.RUB","6",0
"120","PICE.RUB","7",0
"120","PICE.RUB","8",0
"120","PICE.RUB","9",0
"120","PICE.RUB","10",0
"121","PICE.RUB","1",958
"121","PICE.RUB","2",30
"121","PICE.RUB","3",1647
"121","PICE.RUB","4",87
"121","PICE.RUB","5",3381
"121","PICE.RUB","6",9305
"121","PICE.RUB","7",18973
"121","PICE.RUB","8",1067
"121","PICE.RUB","9",807
"121","PICE.RUB","10",0
"125","PICE.RUB","1",2269
"125","PICE.RUB","2",73
"125","PICE.RUB","3",3967
"125","PICE.RUB","4",172
"125","PICE.RUB","5",958
"125","PICE.RUB","6",13296
"125","PICE.RUB","7",25422
"125","PICE.RUB","8",436
"125","PICE.RUB","9",2150
"125","PICE.RUB","10",0
"129","PICE.RUB","1",0
"129","PICE.RUB","2",0
"129","PICE.RUB","3",0
"129","PICE.RUB","4",0
"129","PICE.RUB","5",0
"129","PICE.RUB","6",0
"129","PICE.RUB","7",0
"129","PICE.RUB","8",0
"129","PICE.RUB","9",0
"129","PICE.RUB","10",0
"53","PINU.BAN","1",348
"53","PINU.BAN","2",13
"53","PINU.BAN","3",734
"53","PINU.BAN","4",58
"53","PINU.BAN","5",876
"53","PINU.BAN","6",3056
"53","PINU.BAN","7",6226
"53","PINU.BAN","8",340
"53","PINU.BAN","9",292
"53","PINU.BAN","10",0
"54","PINU.BAN","1",325
"54","PINU.BAN","2",10
"54","PINU.BAN","3",795
"54","PINU.BAN","4",54
"54","PINU.BAN","5",1427
"54","PINU.BAN","6",3468
"54","PINU.BAN","7",6991
"54","PINU.BAN","8",571
"54","PINU.BAN","9",249
"54","PINU.BAN","10",0
"59","PINU.BAN","1",410
"59","PINU.BAN","2",16
"59","PINU.BAN","3",823
"59","PINU.BAN","4",65
"59","PINU.BAN","5",775
"59","PINU.BAN","6",3254
"59","PINU.BAN","7",6585
"59","PINU.BAN","8",297
"59","PINU.BAN","9",362
"59","PINU.BAN","10",0
"60","PINU.BAN","1",669
"60","PINU.BAN","2",26
"60","PINU.BAN","3",1397
"60","PINU.BAN","4",93
"60","PINU.BAN","5",1268
"60","PINU.BAN","6",5290
"60","PINU.BAN","7",10473
"60","PINU.BAN","8",495
"60","PINU.BAN","9",638
"60","PINU.BAN","10",0
"63","PINU.BAN","1",202
"63","PINU.BAN","2",7
"63","PINU.BAN","3",508
"63","PINU.BAN","4",39
"63","PINU.BAN","5",482
"63","PINU.BAN","6",2117
"63","PINU.BAN","7",4404
"63","PINU.BAN","8",148
"63","PINU.BAN","9",179
"63","PINU.BAN","10",0
"71","PINU.BAN","1",432
"71","PINU.BAN","2",15
"71","PINU.BAN","3",970
"71","PINU.BAN","4",69
"71","PINU.BAN","5",927
"71","PINU.BAN","6",3857
"71","PINU.BAN","7",7757
"71","PINU.BAN","8",346
"71","PINU.BAN","9",397
"71","PINU.BAN","10",0
"118","PINU.BAN","1",753
"118","PINU.BAN","2",30
"118","PINU.BAN","3",1436
"118","PINU.BAN","4",92
"118","PINU.BAN","5",1193
"118","PINU.BAN","6",5550
"118","PINU.BAN","7",10938
"118","PINU.BAN","8",603
"118","PINU.BAN","9",682
"118","PINU.BAN","10",0
"119","PINU.BAN","1",685
"119","PINU.BAN","2",25
"119","PINU.BAN","3",1274
"119","PINU.BAN","4",93
"119","PINU.BAN","5",1168
"119","PINU.BAN","6",5106
"119","PINU.BAN","7",9982
"119","PINU.BAN","8",568
"119","PINU.BAN","9",573
"119","PINU.BAN","10",0
"120","PINU.BAN","1",662
"120","PINU.BAN","2",23
"120","PINU.BAN","3",1300
"120","PINU.BAN","4",98
"120","PINU.BAN","5",938
"120","PINU.BAN","6",5044
"120","PINU.BAN","7",9871
"120","PINU.BAN","8",441
"120","PINU.BAN","9",576
"120","PINU.BAN","10",0
"121","PINU.BAN","1",822
"121","PINU.BAN","2",30
"121","PINU.BAN","3",1479
"121","PINU.BAN","4",122
"121","PINU.BAN","5",1528
"121","PINU.BAN","6",6077
"121","PINU.BAN","7",11859
"121","PINU.BAN","8",795
"121","PINU.BAN","9",642
"121","PINU.BAN","10",0
"125","PINU.BAN","1",910
"125","PINU.BAN","2",35
"125","PINU.BAN","3",1741
"125","PINU.BAN","4",103
"125","PINU.BAN","5",1701
"125","PINU.BAN","6",6876
"125","PINU.BAN","7",13448
"125","PINU.BAN","8",931
"125","PINU.BAN","9",805
"125","PINU.BAN","10",0
"129","PINU.BAN","1",975
"129","PINU.BAN","2",40
"129","PINU.BAN","3",1776
"129","PINU.BAN","4",117
"129","PINU.BAN","5",2085
"129","PINU.BAN","6",7169
"129","PINU.BAN","7",14050
"129","PINU.BAN","8",1150
"129","PINU.BAN","9",780
"129","PINU.BAN","10",0
"53","PINU.RES","1",1
"53","PINU.RES","2",0
"53","PINU.RES","3",0
"53","PINU.RES","4",0
"53","PINU.RES","5",0
"53","PINU.RES","6",6
"53","PINU.RES","7",13
"53","PINU.RES","8",0
"53","PINU.RES","9",0
"53","PINU.RES","10",0
"54","PINU.RES","1",1
"54","PINU.RES","2",0
"54","PINU.RES","3",0
"54","PINU.RES","4",0
"54","PINU.RES","5",1
"54","PINU.RES","6",5
"54","PINU.RES","7",10
"54","PINU.RES","8",0
"54","PINU.RES","9",0
"54","PINU.RES","10",0
"59","PINU.RES","1",0
"59","PINU.RES","2",0
"59","PINU.RES","3",0
"59","PINU.RES","4",0
"59","PINU.RES","5",0
"59","PINU.RES","6",2
"59","PINU.RES","7",4
"59","PINU.RES","8",0
"59","PINU.RES","9",0
"59","PINU.RES","10",0
"60","PINU.RES","1",0
"60","PINU.RES","2",0
"60","PINU.RES","3",0
"60","PINU.RES","4",0
"60","PINU.RES","5",0
"60","PINU.RES","6",0
"60","PINU.RES","7",0
"60","PINU.RES","8",0
"60","PINU.RES","9",0
"60","PINU.RES","10",0
"63","PINU.RES","1",0
"63","PINU.RES","2",0
"63","PINU.RES","3",0
"63","PINU.RES","4",0
"63","PINU.RES","5",0
"63","PINU.RES","6",0
"63","PINU.RES","7",0
"63","PINU.RES","8",0
"63","PINU.RES","9",0
"63","PINU.RES","10",0
"71","PINU.RES","1",0
"71","PINU.RES","2",0
"71","PINU.RES","3",0
"71","PINU.RES","4",0
"71","PINU.RES","5",0
"71","PINU.RES","6",0
"71","PINU.RES","7",0
"71","PINU.RES","8",0
"71","PINU.RES","9",0
"71","PINU.RES","10",0
"118","PINU.RES","1",0
"118","PINU.RES","2",0
"118","PINU.RES","3",0
"118","PINU.RES","4",0
"118","PINU.RES","5",0
"118","PINU.RES","6",0
"118","PINU.RES","7",0
"118","PINU.RES","8",0
"118","PINU.RES","9",0
"118","PINU.RES","10",0
"119","PINU.RES","1",0
"119","PINU.RES","2",0
"119","PINU.RES","3",0
"119","PINU.RES","4",0
"119","PINU.RES","5",0
"119","PINU.RES","6",0
"119","PINU.RES","7",0
"119","PINU.RES","8",0
"119","PINU.RES","9",0
"119","PINU.RES","10",0
"120","PINU.RES","1",0
"120","PINU.RES","2",0
"120","PINU.RES","3",0
"120","PINU.RES","4",0
"120","PINU.RES","5",0
"120","PINU.RES","6",0
"120","PINU.RES","7",0
"120","PINU.RES","8",0
"120","PINU.RES","9",0
"120","PINU.RES","10",0
"121","PINU.RES","1",1
"121","PINU.RES","2",0
"121","PINU.RES","3",0
"121","PINU.RES","4",0
"121","PINU.RES","5",0
"121","PINU.RES","6",6
"121","PINU.RES","7",13
"121","PINU.RES","8",0
"121","PINU.RES","9",0
"121","PINU.RES","10",0
"125","PINU.RES","1",0
"125","PINU.RES","2",0
"125","PINU.RES","3",0
"125","PINU.RES","4",0
"125","PINU.RES","5",0
"125","PINU.RES","6",0
"125","PINU.RES","7",0
"125","PINU.RES","8",0
"125","PINU.RES","9",0
"125","PINU.RES","10",0
"129","PINU.RES","1",0
"129","PINU.RES","2",0
"129","PINU.RES","3",0
"129","PINU.RES","4",0
"129","PINU.RES","5",0
"129","PINU.RES","6",0
"129","PINU.RES","7",0
"129","PINU.RES","8",0
"129","PINU.RES","9",0
"129","PINU.RES","10",0
"53","PINU.STR","1",0
"53","PINU.STR","2",0
"53","PINU.STR","3",0
"53","PINU.STR","4",0
"53","PINU.STR","5",0
"53","PINU.STR","6",3
"53","PINU.STR","7",7
"53","PINU.STR","8",0
"53","PINU.STR","9",0
"53","PINU.STR","10",0
"54","PINU.STR","1",1
"54","PINU.STR","2",0
"54","PINU.STR","3",0
"54","PINU.STR","4",0
"54","PINU.STR","5",0
"54","PINU.STR","6",4
"54","PINU.STR","7",8
"54","PINU.STR","8",0
"54","PINU.STR","9",0
"54","PINU.STR","10",0
"59","PINU.STR","1",1
"59","PINU.STR","2",0
"59","PINU.STR","3",0
"59","PINU.STR","4",0
"59","PINU.STR","5",0
"59","PINU.STR","6",4
"59","PINU.STR","7",9
"59","PINU.STR","8",0
"59","PINU.STR","9",0
"59","PINU.STR","10",0
"60","PINU.STR","1",0
"60","PINU.STR","2",0
"60","PINU.STR","3",0
"60","PINU.STR","4",0
"60","PINU.STR","5",0
"60","PINU.STR","6",3
"60","PINU.STR","7",7
"60","PINU.STR","8",0
"60","PINU.STR","9",0
"60","PINU.STR","10",0
"63","PINU.STR","1",0
"63","PINU.STR","2",0
"63","PINU.STR","3",0
"63","PINU.STR","4",0
"63","PINU.STR","5",0
"63","PINU.STR","6",0
"63","PINU.STR","7",0
"63","PINU.STR","8",0
"63","PINU.STR","9",0
"63","PINU.STR","10",0
"71","PINU.STR","1",0
"71","PINU.STR","2",0
"71","PINU.STR","3",0
"71","PINU.STR","4",0
"71","PINU.STR","5",0
"71","PINU.STR","6",0
"71","PINU.STR","7",0
"71","PINU.STR","8",0
"71","PINU.STR","9",0
"71","PINU.STR","10",0
"118","PINU.STR","1",0
"118","PINU.STR","2",0
"118","PINU.STR","3",0
"118","PINU.STR","4",0
"118","PINU.STR","5",0
"118","PINU.STR","6",0
"118","PINU.STR","7",0
"118","PINU.STR","8",0
"118","PINU.STR","9",0
"118","PINU.STR","10",0
"119","PINU.STR","1",0
"119","PINU.STR","2",0
"119","PINU.STR","3",0
"119","PINU.STR","4",0
"119","PINU.STR","5",0
"119","PINU.STR","6",0
"119","PINU.STR","7",0
"119","PINU.STR","8",0
"119","PINU.STR","9",0
"119","PINU.STR","10",0
"120","PINU.STR","1",1
"120","PINU.STR","2",0
"120","PINU.STR","3",0
"120","PINU.STR","4",0
"120","PINU.STR","5",0
"120","PINU.STR","6",4
"120","PINU.STR","7",8
"120","PINU.STR","8",0
"120","PINU.STR","9",0
"120","PINU.STR","10",0
"121","PINU.STR","1",1
"121","PINU.STR","2",0
"121","PINU.STR","3",0
"121","PINU.STR","4",0
"121","PINU.STR","5",0
"121","PINU.STR","6",4
"121","PINU.STR","7",8
"121","PINU.STR","8",0
"121","PINU.STR","9",0
"121","PINU.STR","10",0
"125","PINU.STR","1",1
"125","PINU.STR","2",0
"125","PINU.STR","3",0
"125","PINU.STR","4",0
"125","PINU.STR","5",0
"125","PINU.STR","6",3
"125","PINU.STR","7",6
"125","PINU.STR","8",0
"125","PINU.STR","9",0
"125","PINU.STR","10",0
"129","PINU.STR","1",0
"129","PINU.STR","2",0
"129","PINU.STR","3",0
"129","PINU.STR","4",0
"129","PINU.STR","5",0
"129","PINU.STR","6",0
"129","PINU.STR","7",0
"129","PINU.STR","8",0
"129","PINU.STR","9",0
"129","PINU.STR","10",0
"53","POPU.TRE","1",41
"53","POPU.TRE","2",1
"53","POPU.TRE","3",86
"53","POPU.TRE","4",8
"53","POPU.TRE","5",44
"53","POPU.TRE","6",398
"53","POPU.TRE","7",810
"53","POPU.TRE","8",19
"53","POPU.TRE","9",33
"53","POPU.TRE","10",0
"54","POPU.TRE","1",43
"54","POPU.TRE","2",1
"54","POPU.TRE","3",101
"54","POPU.TRE","4",3
"54","POPU.TRE","5",134
"54","POPU.TRE","6",457
"54","POPU.TRE","7",919
"54","POPU.TRE","8",68
"54","POPU.TRE","9",39
"54","POPU.TRE","10",0
"59","POPU.TRE","1",116
"59","POPU.TRE","2",3
"59","POPU.TRE","3",281
"59","POPU.TRE","4",17
"59","POPU.TRE","5",385
"59","POPU.TRE","6",1225
"59","POPU.TRE","7",2408
"59","POPU.TRE","8",198
"59","POPU.TRE","9",98
"59","POPU.TRE","10",0
"60","POPU.TRE","1",492
"60","POPU.TRE","2",10
"60","POPU.TRE","3",1032
"60","POPU.TRE","4",46
"60","POPU.TRE","5",658
"60","POPU.TRE","6",3634
"60","POPU.TRE","7",6709
"60","POPU.TRE","8",336
"60","POPU.TRE","9",508
"60","POPU.TRE","10",0
"63","POPU.TRE","1",0
"63","POPU.TRE","2",0
"63","POPU.TRE","3",7
"63","POPU.TRE","4",0
"63","POPU.TRE","5",0
"63","POPU.TRE","6",97
"63","POPU.TRE","7",238
"63","POPU.TRE","8",0
"63","POPU.TRE","9",0
"63","POPU.TRE","10",0
"71","POPU.TRE","1",361
"71","POPU.TRE","2",8
"71","POPU.TRE","3",821
"71","POPU.TRE","4",25
"71","POPU.TRE","5",723
"71","POPU.TRE","6",2898
"71","POPU.TRE","7",5394
"71","POPU.TRE","8",371
"71","POPU.TRE","9",389
"71","POPU.TRE","10",0
"118","POPU.TRE","1",483
"118","POPU.TRE","2",11
"118","POPU.TRE","3",1141
"118","POPU.TRE","4",35
"118","POPU.TRE","5",994
"118","POPU.TRE","6",4074
"118","POPU.TRE","7",7603
"118","POPU.TRE","8",498
"118","POPU.TRE","9",539
"118","POPU.TRE","10",0
"119","POPU.TRE","1",123
"119","POPU.TRE","2",3
"119","POPU.TRE","3",340
"119","POPU.TRE","4",14
"119","POPU.TRE","5",279
"119","POPU.TRE","6",1332
"119","POPU.TRE","7",2634
"119","POPU.TRE","8",136
"119","POPU.TRE","9",132
"119","POPU.TRE","10",0
"120","POPU.TRE","1",203
"120","POPU.TRE","2",4
"120","POPU.TRE","3",396
"120","POPU.TRE","4",31
"120","POPU.TRE","5",81
"120","POPU.TRE","6",1555
"120","POPU.TRE","7",2957
"120","POPU.TRE","8",28
"120","POPU.TRE","9",183
"120","POPU.TRE","10",0
"121","POPU.TRE","1",161
"121","POPU.TRE","2",4
"121","POPU.TRE","3",394
"121","POPU.TRE","4",34
"121","POPU.TRE","5",383
"121","POPU.TRE","6",1626
"121","POPU.TRE","7",3155
"121","POPU.TRE","8",191
"121","POPU.TRE","9",141
"121","POPU.TRE","10",0
"125","POPU.TRE","1",742
"125","POPU.TRE","2",14
"125","POPU.TRE","3",1553
"125","POPU.TRE","4",57
"125","POPU.TRE","5",1168
"125","POPU.TRE","6",5476
"125","POPU.TRE","7",10032
"125","POPU.TRE","8",637
"125","POPU.TRE","9",794
"125","POPU.TRE","10",0
"129","POPU.TRE","1",15
"129","POPU.TRE","2",0
"129","POPU.TRE","3",177
"129","POPU.TRE","4",7
"129","POPU.TRE","5",351
"129","POPU.TRE","6",1104
"129","POPU.TRE","7",2360
"129","POPU.TRE","8",118
"129","POPU.TRE","9",16
"129","POPU.TRE","10",0
"53","QUER.RUB","1",0
"53","QUER.RUB","2",0
"53","QUER.RUB","3",0
"53","QUER.RUB","4",0
"53","QUER.RUB","5",0
"53","QUER.RUB","6",1
"53","QUER.RUB","7",2
"53","QUER.RUB","8",0
"53","QUER.RUB","9",0
"53","QUER.RUB","10",0
"54","QUER.RUB","1",0
"54","QUER.RUB","2",0
"54","QUER.RUB","3",0
"54","QUER.RUB","4",0
"54","QUER.RUB","5",0
"54","QUER.RUB","6",2
"54","QUER.RUB","7",5
"54","QUER.RUB","8",0
"54","QUER.RUB","9",0
"54","QUER.RUB","10",0
"59","QUER.RUB","1",0
"59","QUER.RUB","2",0
"59","QUER.RUB","3",0
"59","QUER.RUB","4",0
"59","QUER.RUB","5",0
"59","QUER.RUB","6",1
"59","QUER.RUB","7",3
"59","QUER.RUB","8",0
"59","QUER.RUB","9",0
"59","QUER.RUB","10",0
"60","QUER.RUB","1",0
"60","QUER.RUB","2",0
"60","QUER.RUB","3",0
"60","QUER.RUB","4",0
"60","QUER.RUB","5",0
"60","QUER.RUB","6",0
"60","QUER.RUB","7",0
"60","QUER.RUB","8",0
"60","QUER.RUB","9",0
"60","QUER.RUB","10",0
"63","QUER.RUB","1",0
"63","QUER.RUB","2",0
"63","QUER.RUB","3",0
"63","QUER.RUB","4",0
"63","QUER.RUB","5",0
"63","QUER.RUB","6",0
"63","QUER.RUB","7",0
"63","QUER.RUB","8",0
"63","QUER.RUB","9",0
"63","QUER.RUB","10",0
"71","QUER.RUB","1",0
"71","QUER.RUB","2",0
"71","QUER.RUB","3",0
"71","QUER.RUB","4",0
"71","QUER.RUB","5",0
"71","QUER.RUB","6",0
"71","QUER.RUB","7",0
"71","QUER.RUB","8",0
"71","QUER.RUB","9",0
"71","QUER.RUB","10",0
"118","QUER.RUB","1",0
"118","QUER.RUB","2",0
"118","QUER.RUB","3",0
"118","QUER.RUB","4",0
"118","QUER.RUB","5",0
"118","QUER.RUB","6",0
"118","QUER.RUB","7",0
"118","QUER.RUB","8",0
"118","QUER.RUB","9",0
"118","QUER.RUB","10",0
"119","QUER.RUB","1",0
"119","QUER.RUB","2",0
"119","QUER.RUB","3",0
"119","QUER.RUB","4",0
"119","QUER.RUB","5",0
"119","QUER.RUB","6",0
"119","QUER.RUB","7",0
"119","QUER.RUB","8",0
"119","QUER.RUB","9",0
"119","QUER.RUB","10",0
"120","QUER.RUB","1",0
"120","QUER.RUB","2",0
"120","QUER.RUB","3",0
"120","QUER.RUB","4",0
"120","QUER.RUB","5",0
"120","QUER.RUB","6",0
"120","QUER.RUB","7",0
"120","QUER.RUB","8",0
"120","QUER.RUB","9",0
"120","QUER.RUB","10",0
"121","QUER.RUB","1",0
"121","QUER.RUB","2",0
"121","QUER.RUB","3",0
"121","QUER.RUB","4",0
"121","QUER.RUB","5",0
"121","QUER.RUB","6",0
"121","QUER.RUB","7",0
"121","QUER.RUB","8",0
"121","QUER.RUB","9",0
"121","QUER.RUB","10",0
"125","QUER.RUB","1",0
"125","QUER.RUB","2",0
"125","QUER.RUB","3",0
"125","QUER.RUB","4",0
"125","QUER.RUB","5",0
"125","QUER.RUB","6",0
"125","QUER.RUB","7",0
"125","QUER.RUB","8",0
"125","QUER.RUB","9",0
"125","QUER.RUB","10",0
"129","QUER.RUB","1",0
"129","QUER.RUB","2",0
"129","QUER.RUB","3",0
"129","QUER.RUB","4",0
"129","QUER.RUB","5",0
"129","QUER.RUB","6",0
"129","QUER.RUB","7",0
"129","QUER.RUB","8",0
"129","QUER.RUB","9",0
"129","QUER.RUB","10",0
"53","THUJ.SPP.ALL","1",473
"53","THUJ.SPP.ALL","2",33
"53","THUJ.SPP.ALL","3",678
"53","THUJ.SPP.ALL","4",67
"53","THUJ.SPP.ALL","5",2708
"53","THUJ.SPP.ALL","6",4314
"53","THUJ.SPP.ALL","7",8994
"53","THUJ.SPP.ALL","8",1566
"53","THUJ.SPP.ALL","9",215
"53","THUJ.SPP.ALL","10",0
"54","THUJ.SPP.ALL","1",361
"54","THUJ.SPP.ALL","2",28
"54","THUJ.SPP.ALL","3",431
"54","THUJ.SPP.ALL","4",58
"54","THUJ.SPP.ALL","5",2798
"54","THUJ.SPP.ALL","6",3527
"54","THUJ.SPP.ALL","7",7565
"54","THUJ.SPP.ALL","8",1493
"54","THUJ.SPP.ALL","9",143
"54","THUJ.SPP.ALL","10",0
"59","THUJ.SPP.ALL","1",241
"59","THUJ.SPP.ALL","2",21
"59","THUJ.SPP.ALL","3",343
"59","THUJ.SPP.ALL","4",50
"59","THUJ.SPP.ALL","5",2188
"59","THUJ.SPP.ALL","6",2751
"59","THUJ.SPP.ALL","7",5965
"59","THUJ.SPP.ALL","8",1071
"59","THUJ.SPP.ALL","9",103
"59","THUJ.SPP.ALL","10",0
"60","THUJ.SPP.ALL","1",224
"60","THUJ.SPP.ALL","2",24
"60","THUJ.SPP.ALL","3",222
"60","THUJ.SPP.ALL","4",55
"60","THUJ.SPP.ALL","5",2670
"60","THUJ.SPP.ALL","6",2804
"60","THUJ.SPP.ALL","7",6462
"60","THUJ.SPP.ALL","8",1262
"60","THUJ.SPP.ALL","9",79
"60","THUJ.SPP.ALL","10",0
"63","THUJ.SPP.ALL","1",0
"63","THUJ.SPP.ALL","2",0
"63","THUJ.SPP.ALL","3",0
"63","THUJ.SPP.ALL","4",0
"63","THUJ.SPP.ALL","5",0
"63","THUJ.SPP.ALL","6",0
"63","THUJ.SPP.ALL","7",0
"63","THUJ.SPP.ALL","8",0
"63","THUJ.SPP.ALL","9",0
"63","THUJ.SPP.ALL","10",0
"71","THUJ.SPP.ALL","1",0
"71","THUJ.SPP.ALL","2",0
"71","THUJ.SPP.ALL","3",0
"71","THUJ.SPP.ALL","4",0
"71","THUJ.SPP.ALL","5",0
"71","THUJ.SPP.ALL","6",0
"71","THUJ.SPP.ALL","7",0
"71","THUJ.SPP.ALL","8",0
"71","THUJ.SPP.ALL","9",0
"71","THUJ.SPP.ALL","10",0
"118","THUJ.SPP.ALL","1",0
"118","THUJ.SPP.ALL","2",0
"118","THUJ.SPP.ALL","3",0
"118","THUJ.SPP.ALL","4",0
"118","THUJ.SPP.ALL","5",0
"118","THUJ.SPP.ALL","6",0
"118","THUJ.SPP.ALL","7",0
"118","THUJ.SPP.ALL","8",0
"118","THUJ.SPP.ALL","9",0
"118","THUJ.SPP.ALL","10",0
"119","THUJ.SPP.ALL","1",0
"119","THUJ.SPP.ALL","2",0
"119","THUJ.SPP.ALL","3",0
"119","THUJ.SPP.ALL","4",0
"119","THUJ.SPP.ALL","5",0
"119","THUJ.SPP.ALL","6",0
"119","THUJ.SPP.ALL","7",0
"119","THUJ.SPP.ALL","8",0
"119","THUJ.SPP.ALL","9",0
"119","THUJ.SPP.ALL","10",0
"120","THUJ.SPP.ALL","1",0
"120","THUJ.SPP.ALL","2",0
"120","THUJ.SPP.ALL","3",0
"120","THUJ.SPP.ALL","4",0
"120","THUJ.SPP.ALL","5",0
"120","THUJ.SPP.ALL","6",0
"120","THUJ.SPP.ALL","7",0
"120","THUJ.SPP.ALL","8",0
"120","THUJ.SPP.ALL","9",0
"120","THUJ.SPP.ALL","10",0
"121","THUJ.SPP.ALL","1",245
"121","THUJ.SPP.ALL","2",19
"121","THUJ.SPP.ALL","3",413
"121","THUJ.SPP.ALL","4",42
"121","THUJ.SPP.ALL","5",1417
"121","THUJ.SPP.ALL","6",2496
"121","THUJ.SPP.ALL","7",5273
"121","THUJ.SPP.ALL","8",783
"121","THUJ.SPP.ALL","9",120
"121","THUJ.SPP.ALL","10",0
"125","THUJ.SPP.ALL","1",326
"125","THUJ.SPP.ALL","2",24
"125","THUJ.SPP.ALL","3",592
"125","THUJ.SPP.ALL","4",46
"125","THUJ.SPP.ALL","5",1089
"125","THUJ.SPP.ALL","6",2879
"125","THUJ.SPP.ALL","7",5884
"125","THUJ.SPP.ALL","8",681
"125","THUJ.SPP.ALL","9",186
"125","THUJ.SPP.ALL","10",0
"129","THUJ.SPP.ALL","1",0
"129","THUJ.SPP.ALL","2",0
"129","THUJ.SPP.ALL","3",0
"129","THUJ.SPP.ALL","4",0
"129","THUJ.SPP.ALL","5",0
"129","THUJ.SPP.ALL","6",0
"129","THUJ.SPP.ALL","7",0
"129","THUJ.SPP.ALL","8",0
"129","THUJ.SPP.ALL","9",0
"129","THUJ.SPP.ALL","10",0
"53","TSUG.CAN","1",1
"53","TSUG.CAN","2",0
"53","TSUG.CAN","3",0
"53","TSUG.CAN","4",0
"53","TSUG.CAN","5",1
"53","TSUG.CAN","6",6
"53","TSUG.CAN","7",13
"53","TSUG.CAN","8",0
"53","TSUG.CAN","9",0
"53","TSUG.CAN","10",0
"54","TSUG.CAN","1",0
"54","TSUG.CAN","2",0
"54","TSUG.CAN","3",0
"54","TSUG.CAN","4",0
"54","TSUG.CAN","5",0
"54","TSUG.CAN","6",1
"54","TSUG.CAN","7",3
"54","TSUG.CAN","8",0
"54","TSUG.CAN","9",0
"54","TSUG.CAN","10",0
"59","TSUG.CAN","1",0
"59","TSUG.CAN","2",0
"59","TSUG.CAN","3",0
"59","TSUG.CAN","4",0
"59","TSUG.CAN","5",0
"59","TSUG.CAN","6",0
"59","TSUG.CAN","7",0
"59","TSUG.CAN","8",0
"59","TSUG.CAN","9",0
"59","TSUG.CAN","10",0
"60","TSUG.CAN","1",0
"60","TSUG.CAN","2",0
"60","TSUG.CAN","3",0
"60","TSUG.CAN","4",0
"60","TSUG.CAN","5",0
"60","TSUG.CAN","6",0
"60","TSUG.CAN","7",0
"60","TSUG.CAN","8",0
"60","TSUG.CAN","9",0
"60","TSUG.CAN","10",0
"63","TSUG.CAN","1",0
"63","TSUG.CAN","2",0
"63","TSUG.CAN","3",0
"63","TSUG.CAN","4",0
"63","TSUG.CAN","5",0
"63","TSUG.CAN","6",0
"63","TSUG.CAN","7",0
"63","TSUG.CAN","8",0
"63","TSUG.CAN","9",0
"63","TSUG.CAN","10",0
"71","TSUG.CAN","1",0
"71","TSUG.CAN","2",0
"71","TSUG.CAN","3",0
"71","TSUG.CAN","4",0
"71","TSUG.CAN","5",0
"71","TSUG.CAN","6",0
"71","TSUG.CAN","7",0
"71","TSUG.CAN","8",0
"71","TSUG.CAN","9",0
"71","TSUG.CAN","10",0
"118","TSUG.CAN","1",0
"118","TSUG.CAN","2",0
"118","TSUG.CAN","3",0
"118","TSUG.CAN","4",0
"118","TSUG.CAN","5",0
"118","TSUG.CAN","6",0
"118","TSUG.CAN","7",0
"118","TSUG.CAN","8",0
"118","TSUG.CAN","9",0
"118","TSUG.CAN","10",0
"119","TSUG.CAN","1",0
"119","TSUG.CAN","2",0
"119","TSUG.CAN","3",0
"119","TSUG.CAN","4",0
"119","TSUG.CAN","5",0
"119","TSUG.CAN","6",0
"119","TSUG.CAN","7",0
"119","TSUG.CAN","8",0
"119","TSUG.CAN","9",0
"119","TSUG.CAN","10",0
"120","TSUG.CAN","1",0
"120","TSUG.CAN","2",0
"120","TSUG.CAN","3",0
"120","TSUG.CAN","4",0
"120","TSUG.CAN","5",0
"120","TSUG.CAN","6",0
"120","TSUG.CAN","7",0
"120","TSUG.CAN","8",0
"120","TSUG.CAN","9",0
"120","TSUG.CAN","10",0
"121","TSUG.CAN","1",0
"121","TSUG.CAN","2",0
"121","TSUG.CAN","3",0
"121","TSUG.CAN","4",0
"121","TSUG.CAN","5",0
"121","TSUG.CAN","6",0
"121","TSUG.CAN","7",0
"121","TSUG.CAN","8",0
"121","TSUG.CAN","9",0
"121","TSUG.CAN","10",0
"125","TSUG.CAN","1",0
"125","TSUG.CAN","2",0
"125","TSUG.CAN","3",0
"125","TSUG.CAN","4",0
"125","TSUG.CAN","5",0
"125","TSUG.CAN","6",0
"125","TSUG.CAN","7",0
"125","TSUG.CAN","8",0
"125","TSUG.CAN","9",0
"125","TSUG.CAN","10",0
"129","TSUG.CAN","1",0
"129","TSUG.CAN","2",0
"129","TSUG.CAN","3",0
"129","TSUG.CAN","4",0
"129","TSUG.CAN","5",0
"129","TSUG.CAN","6",0
"129","TSUG.CAN","7",0
"129","TSUG.CAN","8",0
"129","TSUG.CAN","9",0
"129","TSUG.CAN","10",0
