"landtype","spp","poolID","amountAtT0"
67,"ABIE.BAL",1,80
67,"ABIE.BAL",2,7
67,"ABIE.BAL",3,130
67,"ABIE.BAL",4,15
67,"ABIE.BAL",5,436
67,"ABIE.BAL",6,1033
67,"ABIE.BAL",7,2288
67,"ABIE.BAL",8,267
67,"ABIE.BAL",9,54
67,"ABIE.BAL",10,0
68,"ABIE.BAL",1,76
68,"ABIE.BAL",2,7
68,"ABIE.BAL",3,126
68,"ABIE.BAL",4,15
68,"ABIE.BAL",5,432
68,"ABIE.BAL",6,1014
68,"ABIE.BAL",7,2241
68,"ABIE.BAL",8,262
68,"ABIE.BAL",9,52
68,"ABIE.BAL",10,0
122,"ABIE.BAL",1,76
122,"ABIE.BAL",2,6
122,"ABIE.BAL",3,154
122,"ABIE.BAL",4,23
122,"ABIE.BAL",5,216
122,"ABIE.BAL",6,793
122,"ABIE.BAL",7,1683
122,"ABIE.BAL",8,112
122,"ABIE.BAL",9,53
122,"ABIE.BAL",10,0
123,"ABIE.BAL",1,122
123,"ABIE.BAL",2,9
123,"ABIE.BAL",3,236
123,"ABIE.BAL",4,24
123,"ABIE.BAL",5,305
123,"ABIE.BAL",6,1180
123,"ABIE.BAL",7,2432
123,"ABIE.BAL",8,169
123,"ABIE.BAL",9,88
123,"ABIE.BAL",10,0
124,"ABIE.BAL",1,81
124,"ABIE.BAL",2,7
124,"ABIE.BAL",3,145
124,"ABIE.BAL",4,13
124,"ABIE.BAL",5,513
124,"ABIE.BAL",6,1150
124,"ABIE.BAL",7,2513
124,"ABIE.BAL",8,305
124,"ABIE.BAL",9,56
124,"ABIE.BAL",10,0
125,"ABIE.BAL",1,88
125,"ABIE.BAL",2,7
125,"ABIE.BAL",3,153
125,"ABIE.BAL",4,16
125,"ABIE.BAL",5,540
125,"ABIE.BAL",6,1229
125,"ABIE.BAL",7,2675
125,"ABIE.BAL",8,325
125,"ABIE.BAL",9,61
125,"ABIE.BAL",10,0
126,"ABIE.BAL",1,92
126,"ABIE.BAL",2,7
126,"ABIE.BAL",3,162
126,"ABIE.BAL",4,15
126,"ABIE.BAL",5,503
126,"ABIE.BAL",6,1223
126,"ABIE.BAL",7,2640
126,"ABIE.BAL",8,304
126,"ABIE.BAL",9,65
126,"ABIE.BAL",10,0
127,"ABIE.BAL",1,108
127,"ABIE.BAL",2,6
127,"ABIE.BAL",3,162
127,"ABIE.BAL",4,19
127,"ABIE.BAL",5,449
127,"ABIE.BAL",6,1185
127,"ABIE.BAL",7,2479
127,"ABIE.BAL",8,259
127,"ABIE.BAL",9,65
127,"ABIE.BAL",10,0
128,"ABIE.BAL",1,83
128,"ABIE.BAL",2,6
128,"ABIE.BAL",3,122
128,"ABIE.BAL",4,17
128,"ABIE.BAL",5,413
128,"ABIE.BAL",6,968
128,"ABIE.BAL",7,2089
128,"ABIE.BAL",8,235
128,"ABIE.BAL",9,47
128,"ABIE.BAL",10,0
129,"ABIE.BAL",1,110
129,"ABIE.BAL",2,9
129,"ABIE.BAL",3,168
129,"ABIE.BAL",4,21
129,"ABIE.BAL",5,578
129,"ABIE.BAL",6,1274
129,"ABIE.BAL",7,2742
129,"ABIE.BAL",8,350
129,"ABIE.BAL",9,68
129,"ABIE.BAL",10,0
130,"ABIE.BAL",1,138
130,"ABIE.BAL",2,9
130,"ABIE.BAL",3,205
130,"ABIE.BAL",4,21
130,"ABIE.BAL",5,697
130,"ABIE.BAL",6,1512
130,"ABIE.BAL",7,3200
130,"ABIE.BAL",8,435
130,"ABIE.BAL",9,86
130,"ABIE.BAL",10,0
131,"ABIE.BAL",1,148
131,"ABIE.BAL",2,9
131,"ABIE.BAL",3,219
131,"ABIE.BAL",4,23
131,"ABIE.BAL",5,751
131,"ABIE.BAL",6,1630
131,"ABIE.BAL",7,3426
131,"ABIE.BAL",8,475
131,"ABIE.BAL",9,94
131,"ABIE.BAL",10,0
132,"ABIE.BAL",1,156
132,"ABIE.BAL",2,10
132,"ABIE.BAL",3,229
132,"ABIE.BAL",4,23
132,"ABIE.BAL",5,800
132,"ABIE.BAL",6,1729
132,"ABIE.BAL",7,3635
132,"ABIE.BAL",8,506
132,"ABIE.BAL",9,98
132,"ABIE.BAL",10,0
205,"ABIE.BAL",1,102
205,"ABIE.BAL",2,8
205,"ABIE.BAL",3,226
205,"ABIE.BAL",4,24
205,"ABIE.BAL",5,313
205,"ABIE.BAL",6,1021
205,"ABIE.BAL",7,2132
205,"ABIE.BAL",8,158
205,"ABIE.BAL",9,73
205,"ABIE.BAL",10,0
206,"ABIE.BAL",1,121
206,"ABIE.BAL",2,8
206,"ABIE.BAL",3,230
206,"ABIE.BAL",4,18
206,"ABIE.BAL",5,356
206,"ABIE.BAL",6,1158
206,"ABIE.BAL",7,2385
206,"ABIE.BAL",8,181
206,"ABIE.BAL",9,78
206,"ABIE.BAL",10,0
207,"ABIE.BAL",1,221
207,"ABIE.BAL",2,11
207,"ABIE.BAL",3,377
207,"ABIE.BAL",4,23
207,"ABIE.BAL",5,545
207,"ABIE.BAL",6,2024
207,"ABIE.BAL",7,4006
207,"ABIE.BAL",8,306
207,"ABIE.BAL",9,148
207,"ABIE.BAL",10,0
208,"ABIE.BAL",1,132
208,"ABIE.BAL",2,10
208,"ABIE.BAL",3,224
208,"ABIE.BAL",4,19
208,"ABIE.BAL",5,404
208,"ABIE.BAL",6,1255
208,"ABIE.BAL",7,2610
208,"ABIE.BAL",8,220
208,"ABIE.BAL",9,85
208,"ABIE.BAL",10,0
209,"ABIE.BAL",1,164
209,"ABIE.BAL",2,10
209,"ABIE.BAL",3,319
209,"ABIE.BAL",4,23
209,"ABIE.BAL",5,421
209,"ABIE.BAL",6,1485
209,"ABIE.BAL",7,3019
209,"ABIE.BAL",8,225
209,"ABIE.BAL",9,111
209,"ABIE.BAL",10,0
210,"ABIE.BAL",1,184
210,"ABIE.BAL",2,11
210,"ABIE.BAL",3,337
210,"ABIE.BAL",4,22
210,"ABIE.BAL",5,480
210,"ABIE.BAL",6,1610
210,"ABIE.BAL",7,3269
210,"ABIE.BAL",8,258
210,"ABIE.BAL",9,120
210,"ABIE.BAL",10,0
211,"ABIE.BAL",1,150
211,"ABIE.BAL",2,10
211,"ABIE.BAL",3,285
211,"ABIE.BAL",4,22
211,"ABIE.BAL",5,415
211,"ABIE.BAL",6,1355
211,"ABIE.BAL",7,2796
211,"ABIE.BAL",8,217
211,"ABIE.BAL",9,99
211,"ABIE.BAL",10,0
212,"ABIE.BAL",1,95
212,"ABIE.BAL",2,6
212,"ABIE.BAL",3,128
212,"ABIE.BAL",4,23
212,"ABIE.BAL",5,233
212,"ABIE.BAL",6,825
212,"ABIE.BAL",7,1733
212,"ABIE.BAL",8,125
212,"ABIE.BAL",9,46
212,"ABIE.BAL",10,0
213,"ABIE.BAL",1,67
213,"ABIE.BAL",2,4
213,"ABIE.BAL",3,119
213,"ABIE.BAL",4,13
213,"ABIE.BAL",5,246
213,"ABIE.BAL",6,765
213,"ABIE.BAL",7,1621
213,"ABIE.BAL",8,131
213,"ABIE.BAL",9,40
213,"ABIE.BAL",10,0
214,"ABIE.BAL",1,62
214,"ABIE.BAL",2,4
214,"ABIE.BAL",3,118
214,"ABIE.BAL",4,10
214,"ABIE.BAL",5,229
214,"ABIE.BAL",6,742
214,"ABIE.BAL",7,1561
214,"ABIE.BAL",8,123
214,"ABIE.BAL",9,40
214,"ABIE.BAL",10,0
215,"ABIE.BAL",1,136
215,"ABIE.BAL",2,9
215,"ABIE.BAL",3,200
215,"ABIE.BAL",4,25
215,"ABIE.BAL",5,474
215,"ABIE.BAL",6,1347
215,"ABIE.BAL",7,2858
215,"ABIE.BAL",8,268
215,"ABIE.BAL",9,77
215,"ABIE.BAL",10,0
216,"ABIE.BAL",1,106
216,"ABIE.BAL",2,8
216,"ABIE.BAL",3,150
216,"ABIE.BAL",4,21
216,"ABIE.BAL",5,365
216,"ABIE.BAL",6,1027
216,"ABIE.BAL",7,2209
216,"ABIE.BAL",8,202
216,"ABIE.BAL",9,56
216,"ABIE.BAL",10,0
217,"ABIE.BAL",1,93
217,"ABIE.BAL",2,6
217,"ABIE.BAL",3,146
217,"ABIE.BAL",4,15
217,"ABIE.BAL",5,515
217,"ABIE.BAL",6,1106
217,"ABIE.BAL",7,2379
217,"ABIE.BAL",8,287
217,"ABIE.BAL",9,53
217,"ABIE.BAL",10,0
218,"ABIE.BAL",1,117
218,"ABIE.BAL",2,7
218,"ABIE.BAL",3,181
218,"ABIE.BAL",4,18
218,"ABIE.BAL",5,559
218,"ABIE.BAL",6,1315
218,"ABIE.BAL",7,2754
218,"ABIE.BAL",8,318
218,"ABIE.BAL",9,67
218,"ABIE.BAL",10,0
219,"ABIE.BAL",1,109
219,"ABIE.BAL",2,7
219,"ABIE.BAL",3,174
219,"ABIE.BAL",4,15
219,"ABIE.BAL",5,618
219,"ABIE.BAL",6,1322
219,"ABIE.BAL",7,2808
219,"ABIE.BAL",8,351
219,"ABIE.BAL",9,63
219,"ABIE.BAL",10,0
220,"ABIE.BAL",1,203
220,"ABIE.BAL",2,11
220,"ABIE.BAL",3,303
220,"ABIE.BAL",4,26
220,"ABIE.BAL",5,871
220,"ABIE.BAL",6,1957
220,"ABIE.BAL",7,4054
220,"ABIE.BAL",8,558
220,"ABIE.BAL",9,128
220,"ABIE.BAL",10,0
221,"ABIE.BAL",1,205
221,"ABIE.BAL",2,11
221,"ABIE.BAL",3,260
221,"ABIE.BAL",4,31
221,"ABIE.BAL",5,794
221,"ABIE.BAL",6,1827
221,"ABIE.BAL",7,3752
221,"ABIE.BAL",8,491
221,"ABIE.BAL",9,112
221,"ABIE.BAL",10,0
226,"ABIE.BAL",1,92
226,"ABIE.BAL",2,6
226,"ABIE.BAL",3,114
226,"ABIE.BAL",4,23
226,"ABIE.BAL",5,197
226,"ABIE.BAL",6,747
226,"ABIE.BAL",7,1566
226,"ABIE.BAL",8,102
226,"ABIE.BAL",9,44
226,"ABIE.BAL",10,0
227,"ABIE.BAL",1,83
227,"ABIE.BAL",2,6
227,"ABIE.BAL",3,121
227,"ABIE.BAL",4,18
227,"ABIE.BAL",5,219
227,"ABIE.BAL",6,767
227,"ABIE.BAL",7,1609
227,"ABIE.BAL",8,118
227,"ABIE.BAL",9,45
227,"ABIE.BAL",10,0
296,"ABIE.BAL",1,75
296,"ABIE.BAL",2,4
296,"ABIE.BAL",3,151
296,"ABIE.BAL",4,9
296,"ABIE.BAL",5,265
296,"ABIE.BAL",6,809
296,"ABIE.BAL",7,1685
296,"ABIE.BAL",8,115
296,"ABIE.BAL",9,51
296,"ABIE.BAL",10,0
297,"ABIE.BAL",1,72
297,"ABIE.BAL",2,4
297,"ABIE.BAL",3,137
297,"ABIE.BAL",4,9
297,"ABIE.BAL",5,285
297,"ABIE.BAL",6,760
297,"ABIE.BAL",7,1590
297,"ABIE.BAL",8,130
297,"ABIE.BAL",9,46
297,"ABIE.BAL",10,0
67,"ACER.RUB",1,32
67,"ACER.RUB",2,2
67,"ACER.RUB",3,57
67,"ACER.RUB",4,8
67,"ACER.RUB",5,463
67,"ACER.RUB",6,607
67,"ACER.RUB",7,1329
67,"ACER.RUB",8,221
67,"ACER.RUB",9,22
67,"ACER.RUB",10,0
68,"ACER.RUB",1,40
68,"ACER.RUB",2,2
68,"ACER.RUB",3,69
68,"ACER.RUB",4,10
68,"ACER.RUB",5,513
68,"ACER.RUB",6,691
68,"ACER.RUB",7,1482
68,"ACER.RUB",8,246
68,"ACER.RUB",9,27
68,"ACER.RUB",10,0
122,"ACER.RUB",1,9
122,"ACER.RUB",2,0
122,"ACER.RUB",3,55
122,"ACER.RUB",4,41
122,"ACER.RUB",5,87
122,"ACER.RUB",6,264
122,"ACER.RUB",7,740
122,"ACER.RUB",8,28
122,"ACER.RUB",9,3
122,"ACER.RUB",10,0
123,"ACER.RUB",1,8
123,"ACER.RUB",2,0
123,"ACER.RUB",3,45
123,"ACER.RUB",4,24
123,"ACER.RUB",5,144
123,"ACER.RUB",6,291
123,"ACER.RUB",7,710
123,"ACER.RUB",8,48
123,"ACER.RUB",9,4
123,"ACER.RUB",10,0
124,"ACER.RUB",1,27
124,"ACER.RUB",2,1
124,"ACER.RUB",3,52
124,"ACER.RUB",4,7
124,"ACER.RUB",5,502
124,"ACER.RUB",6,629
124,"ACER.RUB",7,1369
124,"ACER.RUB",8,223
124,"ACER.RUB",9,17
124,"ACER.RUB",10,0
125,"ACER.RUB",1,27
125,"ACER.RUB",2,1
125,"ACER.RUB",3,48
125,"ACER.RUB",4,9
125,"ACER.RUB",5,391
125,"ACER.RUB",6,538
125,"ACER.RUB",7,1193
125,"ACER.RUB",8,168
125,"ACER.RUB",9,17
125,"ACER.RUB",10,0
126,"ACER.RUB",1,14
126,"ACER.RUB",2,1
126,"ACER.RUB",3,26
126,"ACER.RUB",4,5
126,"ACER.RUB",5,248
126,"ACER.RUB",6,309
126,"ACER.RUB",7,708
126,"ACER.RUB",8,108
126,"ACER.RUB",9,7
126,"ACER.RUB",10,0
127,"ACER.RUB",1,51
127,"ACER.RUB",2,2
127,"ACER.RUB",3,85
127,"ACER.RUB",4,16
127,"ACER.RUB",5,292
127,"ACER.RUB",6,610
127,"ACER.RUB",7,1259
127,"ACER.RUB",8,110
127,"ACER.RUB",9,37
127,"ACER.RUB",10,0
128,"ACER.RUB",1,39
128,"ACER.RUB",2,2
128,"ACER.RUB",3,57
128,"ACER.RUB",4,14
128,"ACER.RUB",5,261
128,"ACER.RUB",6,484
128,"ACER.RUB",7,1043
128,"ACER.RUB",8,99
128,"ACER.RUB",9,23
128,"ACER.RUB",10,0
129,"ACER.RUB",1,26
129,"ACER.RUB",2,2
129,"ACER.RUB",3,42
129,"ACER.RUB",4,9
129,"ACER.RUB",5,270
129,"ACER.RUB",6,415
129,"ACER.RUB",7,919
129,"ACER.RUB",8,111
129,"ACER.RUB",9,14
129,"ACER.RUB",10,0
130,"ACER.RUB",1,22
130,"ACER.RUB",2,1
130,"ACER.RUB",3,28
130,"ACER.RUB",4,7
130,"ACER.RUB",5,164
130,"ACER.RUB",6,284
130,"ACER.RUB",7,642
130,"ACER.RUB",8,59
130,"ACER.RUB",9,11
130,"ACER.RUB",10,0
131,"ACER.RUB",1,42
131,"ACER.RUB",2,2
131,"ACER.RUB",3,75
131,"ACER.RUB",4,10
131,"ACER.RUB",5,331
131,"ACER.RUB",6,600
131,"ACER.RUB",7,1255
131,"ACER.RUB",8,125
131,"ACER.RUB",9,36
131,"ACER.RUB",10,0
132,"ACER.RUB",1,36
132,"ACER.RUB",2,2
132,"ACER.RUB",3,57
132,"ACER.RUB",4,9
132,"ACER.RUB",5,304
132,"ACER.RUB",6,507
132,"ACER.RUB",7,1088
132,"ACER.RUB",8,119
132,"ACER.RUB",9,25
132,"ACER.RUB",10,0
205,"ACER.RUB",1,0
205,"ACER.RUB",2,0
205,"ACER.RUB",3,0
205,"ACER.RUB",4,0
205,"ACER.RUB",5,0
205,"ACER.RUB",6,2
205,"ACER.RUB",7,5
205,"ACER.RUB",8,0
205,"ACER.RUB",9,0
205,"ACER.RUB",10,0
206,"ACER.RUB",1,0
206,"ACER.RUB",2,0
206,"ACER.RUB",3,0
206,"ACER.RUB",4,0
206,"ACER.RUB",5,0
206,"ACER.RUB",6,2
206,"ACER.RUB",7,5
206,"ACER.RUB",8,0
206,"ACER.RUB",9,0
206,"ACER.RUB",10,0
207,"ACER.RUB",1,20
207,"ACER.RUB",2,1
207,"ACER.RUB",3,29
207,"ACER.RUB",4,8
207,"ACER.RUB",5,68
207,"ACER.RUB",6,180
207,"ACER.RUB",7,383
207,"ACER.RUB",8,21
207,"ACER.RUB",9,10
207,"ACER.RUB",10,0
208,"ACER.RUB",1,18
208,"ACER.RUB",2,1
208,"ACER.RUB",3,18
208,"ACER.RUB",4,7
208,"ACER.RUB",5,56
208,"ACER.RUB",6,142
208,"ACER.RUB",7,312
208,"ACER.RUB",8,17
208,"ACER.RUB",9,5
208,"ACER.RUB",10,0
209,"ACER.RUB",1,0
209,"ACER.RUB",2,0
209,"ACER.RUB",3,0
209,"ACER.RUB",4,0
209,"ACER.RUB",5,0
209,"ACER.RUB",6,2
209,"ACER.RUB",7,4
209,"ACER.RUB",8,0
209,"ACER.RUB",9,0
209,"ACER.RUB",10,0
210,"ACER.RUB",1,0
210,"ACER.RUB",2,0
210,"ACER.RUB",3,0
210,"ACER.RUB",4,0
210,"ACER.RUB",5,0
210,"ACER.RUB",6,2
210,"ACER.RUB",7,4
210,"ACER.RUB",8,0
210,"ACER.RUB",9,0
210,"ACER.RUB",10,0
211,"ACER.RUB",1,0
211,"ACER.RUB",2,0
211,"ACER.RUB",3,0
211,"ACER.RUB",4,0
211,"ACER.RUB",5,0
211,"ACER.RUB",6,2
211,"ACER.RUB",7,5
211,"ACER.RUB",8,0
211,"ACER.RUB",9,0
211,"ACER.RUB",10,0
212,"ACER.RUB",1,68
212,"ACER.RUB",2,3
212,"ACER.RUB",3,135
212,"ACER.RUB",4,35
212,"ACER.RUB",5,461
212,"ACER.RUB",6,779
212,"ACER.RUB",7,1591
212,"ACER.RUB",8,236
212,"ACER.RUB",9,42
212,"ACER.RUB",10,0
213,"ACER.RUB",1,24
213,"ACER.RUB",2,1
213,"ACER.RUB",3,74
213,"ACER.RUB",4,16
213,"ACER.RUB",5,178
213,"ACER.RUB",6,346
213,"ACER.RUB",7,709
213,"ACER.RUB",8,78
213,"ACER.RUB",9,24
213,"ACER.RUB",10,0
214,"ACER.RUB",1,33
214,"ACER.RUB",2,2
214,"ACER.RUB",3,61
214,"ACER.RUB",4,12
214,"ACER.RUB",5,182
214,"ACER.RUB",6,362
214,"ACER.RUB",7,763
214,"ACER.RUB",8,75
214,"ACER.RUB",9,21
214,"ACER.RUB",10,0
215,"ACER.RUB",1,79
215,"ACER.RUB",2,2
215,"ACER.RUB",3,153
215,"ACER.RUB",4,17
215,"ACER.RUB",5,342
215,"ACER.RUB",6,873
215,"ACER.RUB",7,1708
215,"ACER.RUB",8,117
215,"ACER.RUB",9,80
215,"ACER.RUB",10,0
216,"ACER.RUB",1,19
216,"ACER.RUB",2,1
216,"ACER.RUB",3,20
216,"ACER.RUB",4,8
216,"ACER.RUB",5,80
216,"ACER.RUB",6,181
216,"ACER.RUB",7,418
216,"ACER.RUB",8,25
216,"ACER.RUB",9,6
216,"ACER.RUB",10,0
217,"ACER.RUB",1,0
217,"ACER.RUB",2,0
217,"ACER.RUB",3,2
217,"ACER.RUB",4,0
217,"ACER.RUB",5,103
217,"ACER.RUB",6,111
217,"ACER.RUB",7,274
217,"ACER.RUB",8,26
217,"ACER.RUB",9,0
217,"ACER.RUB",10,0
218,"ACER.RUB",1,0
218,"ACER.RUB",2,0
218,"ACER.RUB",3,0
218,"ACER.RUB",4,0
218,"ACER.RUB",5,0
218,"ACER.RUB",6,3
218,"ACER.RUB",7,6
218,"ACER.RUB",8,0
218,"ACER.RUB",9,0
218,"ACER.RUB",10,0
219,"ACER.RUB",1,0
219,"ACER.RUB",2,0
219,"ACER.RUB",3,0
219,"ACER.RUB",4,0
219,"ACER.RUB",5,0
219,"ACER.RUB",6,2
219,"ACER.RUB",7,6
219,"ACER.RUB",8,0
219,"ACER.RUB",9,0
219,"ACER.RUB",10,0
220,"ACER.RUB",1,0
220,"ACER.RUB",2,0
220,"ACER.RUB",3,0
220,"ACER.RUB",4,0
220,"ACER.RUB",5,0
220,"ACER.RUB",6,2
220,"ACER.RUB",7,4
220,"ACER.RUB",8,0
220,"ACER.RUB",9,0
220,"ACER.RUB",10,0
221,"ACER.RUB",1,86
221,"ACER.RUB",2,7
221,"ACER.RUB",3,95
221,"ACER.RUB",4,35
221,"ACER.RUB",5,34
221,"ACER.RUB",6,498
221,"ACER.RUB",7,1061
221,"ACER.RUB",8,7
221,"ACER.RUB",9,45
221,"ACER.RUB",10,0
226,"ACER.RUB",1,95
226,"ACER.RUB",2,5
226,"ACER.RUB",3,109
226,"ACER.RUB",4,36
226,"ACER.RUB",5,125
226,"ACER.RUB",6,634
226,"ACER.RUB",7,1279
226,"ACER.RUB",8,44
226,"ACER.RUB",9,47
226,"ACER.RUB",10,0
227,"ACER.RUB",1,48
227,"ACER.RUB",2,2
227,"ACER.RUB",3,61
227,"ACER.RUB",4,21
227,"ACER.RUB",5,135
227,"ACER.RUB",6,408
227,"ACER.RUB",7,854
227,"ACER.RUB",8,47
227,"ACER.RUB",9,22
227,"ACER.RUB",10,0
297,"ACER.RUB",1,0
297,"ACER.RUB",2,0
297,"ACER.RUB",3,0
297,"ACER.RUB",4,0
297,"ACER.RUB",5,0
297,"ACER.RUB",6,1
297,"ACER.RUB",7,2
297,"ACER.RUB",8,0
297,"ACER.RUB",9,0
297,"ACER.RUB",10,0
67,"ACER.SAH",1,52
67,"ACER.SAH",2,2
67,"ACER.SAH",3,81
67,"ACER.SAH",4,13
67,"ACER.SAH",5,826
67,"ACER.SAH",6,1079
67,"ACER.SAH",7,2403
67,"ACER.SAH",8,336
67,"ACER.SAH",9,31
67,"ACER.SAH",10,0
68,"ACER.SAH",1,66
68,"ACER.SAH",2,2
68,"ACER.SAH",3,112
68,"ACER.SAH",4,15
68,"ACER.SAH",5,1004
68,"ACER.SAH",6,1323
68,"ACER.SAH",7,2879
68,"ACER.SAH",8,428
68,"ACER.SAH",9,46
68,"ACER.SAH",10,0
122,"ACER.SAH",1,0
122,"ACER.SAH",2,0
122,"ACER.SAH",3,0
122,"ACER.SAH",4,0
122,"ACER.SAH",5,54
122,"ACER.SAH",6,74
122,"ACER.SAH",7,230
122,"ACER.SAH",8,4
122,"ACER.SAH",9,0
122,"ACER.SAH",10,0
124,"ACER.SAH",1,48
124,"ACER.SAH",2,2
124,"ACER.SAH",3,75
124,"ACER.SAH",4,15
124,"ACER.SAH",5,875
124,"ACER.SAH",6,1076
124,"ACER.SAH",7,2414
124,"ACER.SAH",8,360
124,"ACER.SAH",9,20
124,"ACER.SAH",10,0
125,"ACER.SAH",1,49
125,"ACER.SAH",2,1
125,"ACER.SAH",3,96
125,"ACER.SAH",4,15
125,"ACER.SAH",5,1210
125,"ACER.SAH",6,1457
125,"ACER.SAH",7,3205
125,"ACER.SAH",8,490
125,"ACER.SAH",9,27
125,"ACER.SAH",10,0
126,"ACER.SAH",1,60
126,"ACER.SAH",2,2
126,"ACER.SAH",3,101
126,"ACER.SAH",4,20
126,"ACER.SAH",5,1017
126,"ACER.SAH",6,1290
126,"ACER.SAH",7,2817
126,"ACER.SAH",8,432
126,"ACER.SAH",9,27
126,"ACER.SAH",10,0
127,"ACER.SAH",1,36
127,"ACER.SAH",2,2
127,"ACER.SAH",3,69
127,"ACER.SAH",4,17
127,"ACER.SAH",5,397
127,"ACER.SAH",6,598
127,"ACER.SAH",7,1349
127,"ACER.SAH",8,160
127,"ACER.SAH",9,19
127,"ACER.SAH",10,0
128,"ACER.SAH",1,52
128,"ACER.SAH",2,2
128,"ACER.SAH",3,97
128,"ACER.SAH",4,17
128,"ACER.SAH",5,935
128,"ACER.SAH",6,1133
128,"ACER.SAH",7,2478
128,"ACER.SAH",8,395
128,"ACER.SAH",9,29
128,"ACER.SAH",10,0
129,"ACER.SAH",1,53
129,"ACER.SAH",2,2
129,"ACER.SAH",3,86
129,"ACER.SAH",4,15
129,"ACER.SAH",5,761
129,"ACER.SAH",6,993
129,"ACER.SAH",7,2162
129,"ACER.SAH",8,316
129,"ACER.SAH",9,31
129,"ACER.SAH",10,0
130,"ACER.SAH",1,34
130,"ACER.SAH",2,1
130,"ACER.SAH",3,53
130,"ACER.SAH",4,10
130,"ACER.SAH",5,610
130,"ACER.SAH",6,772
130,"ACER.SAH",7,1703
130,"ACER.SAH",8,218
130,"ACER.SAH",9,16
130,"ACER.SAH",10,0
131,"ACER.SAH",1,19
131,"ACER.SAH",2,1
131,"ACER.SAH",3,29
131,"ACER.SAH",4,7
131,"ACER.SAH",5,423
131,"ACER.SAH",6,521
131,"ACER.SAH",7,1207
131,"ACER.SAH",8,143
131,"ACER.SAH",9,7
131,"ACER.SAH",10,0
132,"ACER.SAH",1,24
132,"ACER.SAH",2,1
132,"ACER.SAH",3,43
132,"ACER.SAH",4,7
132,"ACER.SAH",5,662
132,"ACER.SAH",6,790
132,"ACER.SAH",7,1768
132,"ACER.SAH",8,226
132,"ACER.SAH",9,13
132,"ACER.SAH",10,0
215,"ACER.SAH",1,7
215,"ACER.SAH",2,0
215,"ACER.SAH",3,79
215,"ACER.SAH",4,20
215,"ACER.SAH",5,1170
215,"ACER.SAH",6,1250
215,"ACER.SAH",7,2779
215,"ACER.SAH",8,241
215,"ACER.SAH",9,19
215,"ACER.SAH",10,0
216,"ACER.SAH",1,47
216,"ACER.SAH",2,2
216,"ACER.SAH",3,479
216,"ACER.SAH",4,130
216,"ACER.SAH",5,74
216,"ACER.SAH",6,1239
216,"ACER.SAH",7,2378
216,"ACER.SAH",8,15
216,"ACER.SAH",9,134
216,"ACER.SAH",10,0
67,"BETU.ALL",1,16
67,"BETU.ALL",2,1
67,"BETU.ALL",3,38
67,"BETU.ALL",4,5
67,"BETU.ALL",5,349
67,"BETU.ALL",6,471
67,"BETU.ALL",7,1072
67,"BETU.ALL",8,139
67,"BETU.ALL",9,14
67,"BETU.ALL",10,0
68,"BETU.ALL",1,19
68,"BETU.ALL",2,1
68,"BETU.ALL",3,46
68,"BETU.ALL",4,6
68,"BETU.ALL",5,423
68,"BETU.ALL",6,558
68,"BETU.ALL",7,1259
68,"BETU.ALL",8,174
68,"BETU.ALL",9,17
68,"BETU.ALL",10,0
122,"BETU.ALL",1,4
122,"BETU.ALL",2,0
122,"BETU.ALL",3,16
122,"BETU.ALL",4,2
122,"BETU.ALL",5,187
122,"BETU.ALL",6,230
122,"BETU.ALL",7,535
122,"BETU.ALL",8,61
122,"BETU.ALL",9,2
122,"BETU.ALL",10,0
123,"BETU.ALL",1,50
123,"BETU.ALL",2,5
123,"BETU.ALL",3,46
123,"BETU.ALL",4,5
123,"BETU.ALL",5,358
123,"BETU.ALL",6,411
123,"BETU.ALL",7,918
123,"BETU.ALL",8,185
123,"BETU.ALL",9,23
123,"BETU.ALL",10,0
124,"BETU.ALL",1,9
124,"BETU.ALL",2,1
124,"BETU.ALL",3,22
124,"BETU.ALL",4,3
124,"BETU.ALL",5,274
124,"BETU.ALL",6,337
124,"BETU.ALL",7,784
124,"BETU.ALL",8,106
124,"BETU.ALL",9,7
124,"BETU.ALL",10,0
125,"BETU.ALL",1,16
125,"BETU.ALL",2,1
125,"BETU.ALL",3,38
125,"BETU.ALL",4,4
125,"BETU.ALL",5,370
125,"BETU.ALL",6,472
125,"BETU.ALL",7,1066
125,"BETU.ALL",8,154
125,"BETU.ALL",9,14
125,"BETU.ALL",10,0
126,"BETU.ALL",1,8
126,"BETU.ALL",2,1
126,"BETU.ALL",3,20
126,"BETU.ALL",4,3
126,"BETU.ALL",5,223
126,"BETU.ALL",6,284
126,"BETU.ALL",7,672
126,"BETU.ALL",8,84
126,"BETU.ALL",9,6
126,"BETU.ALL",10,0
127,"BETU.ALL",1,28
127,"BETU.ALL",2,2
127,"BETU.ALL",3,45
127,"BETU.ALL",4,6
127,"BETU.ALL",5,340
127,"BETU.ALL",6,431
127,"BETU.ALL",7,957
127,"BETU.ALL",8,156
127,"BETU.ALL",9,19
127,"BETU.ALL",10,0
128,"BETU.ALL",1,30
128,"BETU.ALL",2,2
128,"BETU.ALL",3,52
128,"BETU.ALL",4,6
128,"BETU.ALL",5,400
128,"BETU.ALL",6,503
128,"BETU.ALL",7,1104
128,"BETU.ALL",8,187
128,"BETU.ALL",9,22
128,"BETU.ALL",10,0
129,"BETU.ALL",1,36
129,"BETU.ALL",2,2
129,"BETU.ALL",3,69
129,"BETU.ALL",4,7
129,"BETU.ALL",5,545
129,"BETU.ALL",6,674
129,"BETU.ALL",7,1448
129,"BETU.ALL",8,263
129,"BETU.ALL",9,28
129,"BETU.ALL",10,0
130,"BETU.ALL",1,20
130,"BETU.ALL",2,1
130,"BETU.ALL",3,45
130,"BETU.ALL",4,5
130,"BETU.ALL",5,471
130,"BETU.ALL",6,566
130,"BETU.ALL",7,1259
130,"BETU.ALL",8,191
130,"BETU.ALL",9,15
130,"BETU.ALL",10,0
131,"BETU.ALL",1,23
131,"BETU.ALL",2,1
131,"BETU.ALL",3,54
131,"BETU.ALL",4,6
131,"BETU.ALL",5,490
131,"BETU.ALL",6,610
131,"BETU.ALL",7,1333
131,"BETU.ALL",8,199
131,"BETU.ALL",9,20
131,"BETU.ALL",10,0
132,"BETU.ALL",1,19
132,"BETU.ALL",2,1
132,"BETU.ALL",3,43
132,"BETU.ALL",4,5
132,"BETU.ALL",5,442
132,"BETU.ALL",6,546
132,"BETU.ALL",7,1211
132,"BETU.ALL",8,175
132,"BETU.ALL",9,16
132,"BETU.ALL",10,0
205,"BETU.ALL",1,0
205,"BETU.ALL",2,0
205,"BETU.ALL",3,2
205,"BETU.ALL",4,0
205,"BETU.ALL",5,70
205,"BETU.ALL",6,80
205,"BETU.ALL",7,197
205,"BETU.ALL",8,14
205,"BETU.ALL",9,0
205,"BETU.ALL",10,0
206,"BETU.ALL",1,0
206,"BETU.ALL",2,0
206,"BETU.ALL",3,2
206,"BETU.ALL",4,0
206,"BETU.ALL",5,68
206,"BETU.ALL",6,79
206,"BETU.ALL",7,194
206,"BETU.ALL",8,14
206,"BETU.ALL",9,0
206,"BETU.ALL",10,0
207,"BETU.ALL",1,3
207,"BETU.ALL",2,0
207,"BETU.ALL",3,35
207,"BETU.ALL",4,9
207,"BETU.ALL",5,94
207,"BETU.ALL",6,174
207,"BETU.ALL",7,401
207,"BETU.ALL",8,27
207,"BETU.ALL",9,7
207,"BETU.ALL",10,0
208,"BETU.ALL",1,5
208,"BETU.ALL",2,0
208,"BETU.ALL",3,45
208,"BETU.ALL",4,13
208,"BETU.ALL",5,141
208,"BETU.ALL",6,247
208,"BETU.ALL",7,572
208,"BETU.ALL",8,43
208,"BETU.ALL",9,9
208,"BETU.ALL",10,0
209,"BETU.ALL",1,5
209,"BETU.ALL",2,0
209,"BETU.ALL",3,10
209,"BETU.ALL",4,1
209,"BETU.ALL",5,94
209,"BETU.ALL",6,112
209,"BETU.ALL",7,263
209,"BETU.ALL",8,30
209,"BETU.ALL",9,3
209,"BETU.ALL",10,0
210,"BETU.ALL",1,8
210,"BETU.ALL",2,1
210,"BETU.ALL",3,15
210,"BETU.ALL",4,2
210,"BETU.ALL",5,112
210,"BETU.ALL",6,133
210,"BETU.ALL",7,309
210,"BETU.ALL",8,40
210,"BETU.ALL",9,4
210,"BETU.ALL",10,0
211,"BETU.ALL",1,6
211,"BETU.ALL",2,0
211,"BETU.ALL",3,11
211,"BETU.ALL",4,1
211,"BETU.ALL",5,94
211,"BETU.ALL",6,112
211,"BETU.ALL",7,263
211,"BETU.ALL",8,30
211,"BETU.ALL",9,3
211,"BETU.ALL",10,0
212,"BETU.ALL",1,72
212,"BETU.ALL",2,5
212,"BETU.ALL",3,141
212,"BETU.ALL",4,24
212,"BETU.ALL",5,236
212,"BETU.ALL",6,713
212,"BETU.ALL",7,1472
212,"BETU.ALL",8,83
212,"BETU.ALL",9,66
212,"BETU.ALL",10,0
213,"BETU.ALL",1,18
213,"BETU.ALL",2,1
213,"BETU.ALL",3,42
213,"BETU.ALL",4,8
213,"BETU.ALL",5,230
213,"BETU.ALL",6,364
213,"BETU.ALL",7,823
213,"BETU.ALL",8,70
213,"BETU.ALL",9,16
213,"BETU.ALL",10,0
214,"BETU.ALL",1,9
214,"BETU.ALL",2,1
214,"BETU.ALL",3,24
214,"BETU.ALL",4,4
214,"BETU.ALL",5,207
214,"BETU.ALL",6,279
214,"BETU.ALL",7,646
214,"BETU.ALL",8,61
214,"BETU.ALL",9,7
214,"BETU.ALL",10,0
215,"BETU.ALL",1,15
215,"BETU.ALL",2,1
215,"BETU.ALL",3,52
215,"BETU.ALL",4,7
215,"BETU.ALL",5,431
215,"BETU.ALL",6,579
215,"BETU.ALL",7,1296
215,"BETU.ALL",8,145
215,"BETU.ALL",9,15
215,"BETU.ALL",10,0
216,"BETU.ALL",1,14
216,"BETU.ALL",2,1
216,"BETU.ALL",3,44
216,"BETU.ALL",4,8
216,"BETU.ALL",5,400
216,"BETU.ALL",6,524
216,"BETU.ALL",7,1189
216,"BETU.ALL",8,134
216,"BETU.ALL",9,12
216,"BETU.ALL",10,0
217,"BETU.ALL",1,14
217,"BETU.ALL",2,1
217,"BETU.ALL",3,32
217,"BETU.ALL",4,3
217,"BETU.ALL",5,441
217,"BETU.ALL",6,512
217,"BETU.ALL",7,1149
217,"BETU.ALL",8,147
217,"BETU.ALL",9,10
217,"BETU.ALL",10,0
218,"BETU.ALL",1,9
218,"BETU.ALL",2,1
218,"BETU.ALL",3,17
218,"BETU.ALL",4,3
218,"BETU.ALL",5,200
218,"BETU.ALL",6,252
218,"BETU.ALL",7,586
218,"BETU.ALL",8,70
218,"BETU.ALL",9,5
218,"BETU.ALL",10,0
219,"BETU.ALL",1,5
219,"BETU.ALL",2,0
219,"BETU.ALL",3,13
219,"BETU.ALL",4,2
219,"BETU.ALL",5,192
219,"BETU.ALL",6,233
219,"BETU.ALL",7,545
219,"BETU.ALL",8,59
219,"BETU.ALL",9,3
219,"BETU.ALL",10,0
220,"BETU.ALL",1,11
220,"BETU.ALL",2,1
220,"BETU.ALL",3,30
220,"BETU.ALL",4,6
220,"BETU.ALL",5,301
220,"BETU.ALL",6,368
220,"BETU.ALL",7,845
220,"BETU.ALL",8,107
220,"BETU.ALL",9,7
220,"BETU.ALL",10,0
221,"BETU.ALL",1,49
221,"BETU.ALL",2,3
221,"BETU.ALL",3,90
221,"BETU.ALL",4,12
221,"BETU.ALL",5,619
221,"BETU.ALL",6,811
221,"BETU.ALL",7,1729
221,"BETU.ALL",8,260
221,"BETU.ALL",9,38
221,"BETU.ALL",10,0
226,"BETU.ALL",1,21
226,"BETU.ALL",2,1
226,"BETU.ALL",3,51
226,"BETU.ALL",4,8
226,"BETU.ALL",5,376
226,"BETU.ALL",6,527
226,"BETU.ALL",7,1152
226,"BETU.ALL",8,122
226,"BETU.ALL",9,18
226,"BETU.ALL",10,0
227,"BETU.ALL",1,26
227,"BETU.ALL",2,2
227,"BETU.ALL",3,59
227,"BETU.ALL",4,13
227,"BETU.ALL",5,245
227,"BETU.ALL",6,446
227,"BETU.ALL",7,972
227,"BETU.ALL",8,72
227,"BETU.ALL",9,24
227,"BETU.ALL",10,0
67,"BETU.PAP",1,28
67,"BETU.PAP",2,3
67,"BETU.PAP",3,53
67,"BETU.PAP",4,7
67,"BETU.PAP",5,367
67,"BETU.PAP",6,546
67,"BETU.PAP",7,1229
67,"BETU.PAP",8,187
67,"BETU.PAP",9,20
67,"BETU.PAP",10,0
68,"BETU.PAP",1,37
68,"BETU.PAP",2,3
68,"BETU.PAP",3,67
68,"BETU.PAP",4,8
68,"BETU.PAP",5,479
68,"BETU.PAP",6,698
68,"BETU.PAP",7,1538
68,"BETU.PAP",8,249
68,"BETU.PAP",9,27
68,"BETU.PAP",10,0
122,"BETU.PAP",1,65
122,"BETU.PAP",2,5
122,"BETU.PAP",3,83
122,"BETU.PAP",4,22
122,"BETU.PAP",5,274
122,"BETU.PAP",6,564
122,"BETU.PAP",7,1203
122,"BETU.PAP",8,127
122,"BETU.PAP",9,33
122,"BETU.PAP",10,0
123,"BETU.PAP",1,51
123,"BETU.PAP",2,4
123,"BETU.PAP",3,67
123,"BETU.PAP",4,17
123,"BETU.PAP",5,277
123,"BETU.PAP",6,489
123,"BETU.PAP",7,1071
123,"BETU.PAP",8,132
123,"BETU.PAP",9,24
123,"BETU.PAP",10,0
124,"BETU.PAP",1,48
124,"BETU.PAP",2,5
124,"BETU.PAP",3,66
124,"BETU.PAP",4,8
124,"BETU.PAP",5,552
124,"BETU.PAP",6,731
124,"BETU.PAP",7,1649
124,"BETU.PAP",8,297
124,"BETU.PAP",9,27
124,"BETU.PAP",10,0
125,"BETU.PAP",1,54
125,"BETU.PAP",2,5
125,"BETU.PAP",3,79
125,"BETU.PAP",4,9
125,"BETU.PAP",5,636
125,"BETU.PAP",6,859
125,"BETU.PAP",7,1906
125,"BETU.PAP",8,344
125,"BETU.PAP",9,34
125,"BETU.PAP",10,0
126,"BETU.PAP",1,40
126,"BETU.PAP",2,5
126,"BETU.PAP",3,57
126,"BETU.PAP",4,8
126,"BETU.PAP",5,432
126,"BETU.PAP",6,599
126,"BETU.PAP",7,1367
126,"BETU.PAP",8,231
126,"BETU.PAP",9,23
126,"BETU.PAP",10,0
127,"BETU.PAP",1,47
127,"BETU.PAP",2,4
127,"BETU.PAP",3,72
127,"BETU.PAP",4,12
127,"BETU.PAP",5,391
127,"BETU.PAP",6,608
127,"BETU.PAP",7,1346
127,"BETU.PAP",8,198
127,"BETU.PAP",9,28
127,"BETU.PAP",10,0
128,"BETU.PAP",1,57
128,"BETU.PAP",2,5
128,"BETU.PAP",3,82
128,"BETU.PAP",4,13
128,"BETU.PAP",5,498
128,"BETU.PAP",6,751
128,"BETU.PAP",7,1656
128,"BETU.PAP",8,256
128,"BETU.PAP",9,34
128,"BETU.PAP",10,0
129,"BETU.PAP",1,50
129,"BETU.PAP",2,4
129,"BETU.PAP",3,79
129,"BETU.PAP",4,12
129,"BETU.PAP",5,457
129,"BETU.PAP",6,712
129,"BETU.PAP",7,1559
129,"BETU.PAP",8,237
129,"BETU.PAP",9,33
129,"BETU.PAP",10,0
130,"BETU.PAP",1,78
130,"BETU.PAP",2,5
130,"BETU.PAP",3,108
130,"BETU.PAP",4,12
130,"BETU.PAP",5,836
130,"BETU.PAP",6,1054
130,"BETU.PAP",7,2253
130,"BETU.PAP",8,469
130,"BETU.PAP",9,46
130,"BETU.PAP",10,0
131,"BETU.PAP",1,91
131,"BETU.PAP",2,6
131,"BETU.PAP",3,127
131,"BETU.PAP",4,14
131,"BETU.PAP",5,984
131,"BETU.PAP",6,1224
131,"BETU.PAP",7,2593
131,"BETU.PAP",8,558
131,"BETU.PAP",9,56
131,"BETU.PAP",10,0
132,"BETU.PAP",1,94
132,"BETU.PAP",2,6
132,"BETU.PAP",3,128
132,"BETU.PAP",4,14
132,"BETU.PAP",5,1031
132,"BETU.PAP",6,1270
132,"BETU.PAP",7,2695
132,"BETU.PAP",8,586
132,"BETU.PAP",9,57
132,"BETU.PAP",10,0
205,"BETU.PAP",1,32
205,"BETU.PAP",2,2
205,"BETU.PAP",3,53
205,"BETU.PAP",4,12
205,"BETU.PAP",5,135
205,"BETU.PAP",6,315
205,"BETU.PAP",7,682
205,"BETU.PAP",8,53
205,"BETU.PAP",9,16
205,"BETU.PAP",10,0
206,"BETU.PAP",1,29
206,"BETU.PAP",2,2
206,"BETU.PAP",3,50
206,"BETU.PAP",4,12
206,"BETU.PAP",5,116
206,"BETU.PAP",6,288
206,"BETU.PAP",7,631
206,"BETU.PAP",8,44
206,"BETU.PAP",9,15
206,"BETU.PAP",10,0
207,"BETU.PAP",1,21
207,"BETU.PAP",2,2
207,"BETU.PAP",3,38
207,"BETU.PAP",4,7
207,"BETU.PAP",5,106
207,"BETU.PAP",6,244
207,"BETU.PAP",7,539
207,"BETU.PAP",8,41
207,"BETU.PAP",9,13
207,"BETU.PAP",10,0
208,"BETU.PAP",1,27
208,"BETU.PAP",2,2
208,"BETU.PAP",3,48
208,"BETU.PAP",4,8
208,"BETU.PAP",5,153
208,"BETU.PAP",6,322
208,"BETU.PAP",7,704
208,"BETU.PAP",8,62
208,"BETU.PAP",9,16
208,"BETU.PAP",10,0
209,"BETU.PAP",1,22
209,"BETU.PAP",2,2
209,"BETU.PAP",3,39
209,"BETU.PAP",4,7
209,"BETU.PAP",5,106
209,"BETU.PAP",6,229
209,"BETU.PAP",7,505
209,"BETU.PAP",8,41
209,"BETU.PAP",9,11
209,"BETU.PAP",10,0
210,"BETU.PAP",1,27
210,"BETU.PAP",2,2
210,"BETU.PAP",3,50
210,"BETU.PAP",4,8
210,"BETU.PAP",5,123
210,"BETU.PAP",6,278
210,"BETU.PAP",7,599
210,"BETU.PAP",8,49
210,"BETU.PAP",9,15
210,"BETU.PAP",10,0
211,"BETU.PAP",1,26
211,"BETU.PAP",2,2
211,"BETU.PAP",3,49
211,"BETU.PAP",4,7
211,"BETU.PAP",5,133
211,"BETU.PAP",6,287
211,"BETU.PAP",7,625
211,"BETU.PAP",8,52
211,"BETU.PAP",9,15
211,"BETU.PAP",10,0
212,"BETU.PAP",1,39
212,"BETU.PAP",2,3
212,"BETU.PAP",3,63
212,"BETU.PAP",4,13
212,"BETU.PAP",5,233
212,"BETU.PAP",6,470
212,"BETU.PAP",7,1025
212,"BETU.PAP",8,107
212,"BETU.PAP",9,22
212,"BETU.PAP",10,0
213,"BETU.PAP",1,16
213,"BETU.PAP",2,2
213,"BETU.PAP",3,30
213,"BETU.PAP",4,6
213,"BETU.PAP",5,141
213,"BETU.PAP",6,252
213,"BETU.PAP",7,578
213,"BETU.PAP",8,59
213,"BETU.PAP",9,9
213,"BETU.PAP",10,0
214,"BETU.PAP",1,12
214,"BETU.PAP",2,1
214,"BETU.PAP",3,23
214,"BETU.PAP",4,4
214,"BETU.PAP",5,114
214,"BETU.PAP",6,200
214,"BETU.PAP",7,465
214,"BETU.PAP",8,45
214,"BETU.PAP",9,6
214,"BETU.PAP",10,0
215,"BETU.PAP",1,57
215,"BETU.PAP",2,5
215,"BETU.PAP",3,83
215,"BETU.PAP",4,16
215,"BETU.PAP",5,389
215,"BETU.PAP",6,679
215,"BETU.PAP",7,1487
215,"BETU.PAP",8,186
215,"BETU.PAP",9,33
215,"BETU.PAP",10,0
216,"BETU.PAP",1,48
216,"BETU.PAP",2,4
216,"BETU.PAP",3,73
216,"BETU.PAP",4,15
216,"BETU.PAP",5,333
216,"BETU.PAP",6,586
216,"BETU.PAP",7,1286
216,"BETU.PAP",8,159
216,"BETU.PAP",9,28
216,"BETU.PAP",10,0
217,"BETU.PAP",1,99
217,"BETU.PAP",2,6
217,"BETU.PAP",3,137
217,"BETU.PAP",4,15
217,"BETU.PAP",5,1016
217,"BETU.PAP",6,1271
217,"BETU.PAP",7,2674
217,"BETU.PAP",8,546
217,"BETU.PAP",9,55
217,"BETU.PAP",10,0
218,"BETU.PAP",1,91
218,"BETU.PAP",2,8
218,"BETU.PAP",3,127
218,"BETU.PAP",4,17
218,"BETU.PAP",5,744
218,"BETU.PAP",6,1063
218,"BETU.PAP",7,2273
218,"BETU.PAP",8,396
218,"BETU.PAP",9,50
218,"BETU.PAP",10,0
219,"BETU.PAP",1,77
219,"BETU.PAP",2,8
219,"BETU.PAP",3,104
219,"BETU.PAP",4,13
219,"BETU.PAP",5,726
219,"BETU.PAP",6,948
219,"BETU.PAP",7,2055
219,"BETU.PAP",8,388
219,"BETU.PAP",9,40
219,"BETU.PAP",10,0
220,"BETU.PAP",1,87
220,"BETU.PAP",2,7
220,"BETU.PAP",3,135
220,"BETU.PAP",4,11
220,"BETU.PAP",5,769
220,"BETU.PAP",6,1068
220,"BETU.PAP",7,2274
220,"BETU.PAP",8,423
220,"BETU.PAP",9,57
220,"BETU.PAP",10,0
221,"BETU.PAP",1,120
221,"BETU.PAP",2,7
221,"BETU.PAP",3,196
221,"BETU.PAP",4,23
221,"BETU.PAP",5,1143
221,"BETU.PAP",6,1490
221,"BETU.PAP",7,3077
221,"BETU.PAP",8,642
221,"BETU.PAP",9,82
221,"BETU.PAP",10,0
226,"BETU.PAP",1,54
226,"BETU.PAP",2,4
226,"BETU.PAP",3,89
226,"BETU.PAP",4,17
226,"BETU.PAP",5,317
226,"BETU.PAP",6,634
226,"BETU.PAP",7,1351
226,"BETU.PAP",8,151
226,"BETU.PAP",9,35
226,"BETU.PAP",10,0
227,"BETU.PAP",1,37
227,"BETU.PAP",2,2
227,"BETU.PAP",3,48
227,"BETU.PAP",4,13
227,"BETU.PAP",5,154
227,"BETU.PAP",6,360
227,"BETU.PAP",7,779
227,"BETU.PAP",8,68
227,"BETU.PAP",9,16
227,"BETU.PAP",10,0
296,"BETU.PAP",1,18
296,"BETU.PAP",2,1
296,"BETU.PAP",3,30
296,"BETU.PAP",4,6
296,"BETU.PAP",5,68
296,"BETU.PAP",6,170
296,"BETU.PAP",7,372
296,"BETU.PAP",8,25
296,"BETU.PAP",9,10
296,"BETU.PAP",10,0
297,"BETU.PAP",1,20
297,"BETU.PAP",2,1
297,"BETU.PAP",3,32
297,"BETU.PAP",4,7
297,"BETU.PAP",5,69
297,"BETU.PAP",6,179
297,"BETU.PAP",7,392
297,"BETU.PAP",8,25
297,"BETU.PAP",9,11
297,"BETU.PAP",10,0
67,"FAGU.GRA",1,22
67,"FAGU.GRA",2,1
67,"FAGU.GRA",3,31
67,"FAGU.GRA",4,5
67,"FAGU.GRA",5,238
67,"FAGU.GRA",6,340
67,"FAGU.GRA",7,837
67,"FAGU.GRA",8,128
67,"FAGU.GRA",9,14
67,"FAGU.GRA",10,0
68,"FAGU.GRA",1,23
68,"FAGU.GRA",2,1
68,"FAGU.GRA",3,35
68,"FAGU.GRA",4,5
68,"FAGU.GRA",5,288
68,"FAGU.GRA",6,407
68,"FAGU.GRA",7,975
68,"FAGU.GRA",8,148
68,"FAGU.GRA",9,15
68,"FAGU.GRA",10,0
124,"FAGU.GRA",1,6
124,"FAGU.GRA",2,0
124,"FAGU.GRA",3,358
124,"FAGU.GRA",4,76
124,"FAGU.GRA",5,0
124,"FAGU.GRA",6,895
124,"FAGU.GRA",7,1942
124,"FAGU.GRA",8,0
124,"FAGU.GRA",9,88
124,"FAGU.GRA",10,0
125,"FAGU.GRA",1,41
125,"FAGU.GRA",2,2
125,"FAGU.GRA",3,51
125,"FAGU.GRA",4,4
125,"FAGU.GRA",5,382
125,"FAGU.GRA",6,551
125,"FAGU.GRA",7,1217
125,"FAGU.GRA",8,234
125,"FAGU.GRA",9,26
125,"FAGU.GRA",10,0
126,"FAGU.GRA",1,129
126,"FAGU.GRA",2,17
126,"FAGU.GRA",3,100
126,"FAGU.GRA",4,16
126,"FAGU.GRA",5,613
126,"FAGU.GRA",6,857
126,"FAGU.GRA",7,1975
126,"FAGU.GRA",8,421
126,"FAGU.GRA",9,55
126,"FAGU.GRA",10,0
127,"FAGU.GRA",1,0
127,"FAGU.GRA",2,0
127,"FAGU.GRA",3,4
127,"FAGU.GRA",4,1
127,"FAGU.GRA",5,93
127,"FAGU.GRA",6,136
127,"FAGU.GRA",7,384
127,"FAGU.GRA",8,21
127,"FAGU.GRA",9,0
127,"FAGU.GRA",10,0
128,"FAGU.GRA",1,0
128,"FAGU.GRA",2,0
128,"FAGU.GRA",3,7
128,"FAGU.GRA",4,1
128,"FAGU.GRA",5,128
128,"FAGU.GRA",6,197
128,"FAGU.GRA",7,510
128,"FAGU.GRA",8,33
128,"FAGU.GRA",9,0
128,"FAGU.GRA",10,0
129,"FAGU.GRA",1,15
129,"FAGU.GRA",2,1
129,"FAGU.GRA",3,26
129,"FAGU.GRA",4,3
129,"FAGU.GRA",5,237
129,"FAGU.GRA",6,364
129,"FAGU.GRA",7,899
129,"FAGU.GRA",8,93
129,"FAGU.GRA",9,7
129,"FAGU.GRA",10,0
130,"FAGU.GRA",1,5
130,"FAGU.GRA",2,0
130,"FAGU.GRA",3,27
130,"FAGU.GRA",4,5
130,"FAGU.GRA",5,0
130,"FAGU.GRA",6,148
130,"FAGU.GRA",7,425
130,"FAGU.GRA",8,0
130,"FAGU.GRA",9,8
130,"FAGU.GRA",10,0
131,"FAGU.GRA",1,5
131,"FAGU.GRA",2,0
131,"FAGU.GRA",3,30
131,"FAGU.GRA",4,4
131,"FAGU.GRA",5,55
131,"FAGU.GRA",6,225
131,"FAGU.GRA",7,593
131,"FAGU.GRA",8,15
131,"FAGU.GRA",9,9
131,"FAGU.GRA",10,0
132,"FAGU.GRA",1,3
132,"FAGU.GRA",2,0
132,"FAGU.GRA",3,17
132,"FAGU.GRA",4,3
132,"FAGU.GRA",5,12
132,"FAGU.GRA",6,110
132,"FAGU.GRA",7,323
132,"FAGU.GRA",8,1
132,"FAGU.GRA",9,5
132,"FAGU.GRA",10,0
67,"LARI.LAR",1,3
67,"LARI.LAR",2,0
67,"LARI.LAR",3,14
67,"LARI.LAR",4,1
67,"LARI.LAR",5,55
67,"LARI.LAR",6,116
67,"LARI.LAR",7,275
67,"LARI.LAR",8,22
67,"LARI.LAR",9,3
67,"LARI.LAR",10,0
68,"LARI.LAR",1,3
68,"LARI.LAR",2,0
68,"LARI.LAR",3,13
68,"LARI.LAR",4,2
68,"LARI.LAR",5,40
68,"LARI.LAR",6,102
68,"LARI.LAR",7,247
68,"LARI.LAR",8,14
68,"LARI.LAR",9,3
68,"LARI.LAR",10,0
122,"LARI.LAR",1,36
122,"LARI.LAR",2,2
122,"LARI.LAR",3,35
122,"LARI.LAR",4,21
122,"LARI.LAR",5,17
122,"LARI.LAR",6,195
122,"LARI.LAR",7,406
122,"LARI.LAR",8,5
122,"LARI.LAR",9,8
122,"LARI.LAR",10,0
123,"LARI.LAR",1,25
123,"LARI.LAR",2,1
123,"LARI.LAR",3,27
123,"LARI.LAR",4,13
123,"LARI.LAR",5,19
123,"LARI.LAR",6,145
123,"LARI.LAR",7,295
123,"LARI.LAR",8,6
123,"LARI.LAR",9,7
123,"LARI.LAR",10,0
124,"LARI.LAR",1,1
124,"LARI.LAR",2,0
124,"LARI.LAR",3,9
124,"LARI.LAR",4,1
124,"LARI.LAR",5,40
124,"LARI.LAR",6,73
124,"LARI.LAR",7,175
124,"LARI.LAR",8,14
124,"LARI.LAR",9,2
124,"LARI.LAR",10,0
125,"LARI.LAR",1,5
125,"LARI.LAR",2,1
125,"LARI.LAR",3,14
125,"LARI.LAR",4,2
125,"LARI.LAR",5,72
125,"LARI.LAR",6,130
125,"LARI.LAR",7,308
125,"LARI.LAR",8,29
125,"LARI.LAR",9,3
125,"LARI.LAR",10,0
126,"LARI.LAR",1,1
126,"LARI.LAR",2,0
126,"LARI.LAR",3,8
126,"LARI.LAR",4,1
126,"LARI.LAR",5,39
126,"LARI.LAR",6,70
126,"LARI.LAR",7,167
126,"LARI.LAR",8,14
126,"LARI.LAR",9,2
126,"LARI.LAR",10,0
127,"LARI.LAR",1,3
127,"LARI.LAR",2,0
127,"LARI.LAR",3,8
127,"LARI.LAR",4,2
127,"LARI.LAR",5,48
127,"LARI.LAR",6,84
127,"LARI.LAR",7,201
127,"LARI.LAR",8,16
127,"LARI.LAR",9,2
127,"LARI.LAR",10,0
128,"LARI.LAR",1,3
128,"LARI.LAR",2,0
128,"LARI.LAR",3,5
128,"LARI.LAR",4,1
128,"LARI.LAR",5,38
128,"LARI.LAR",6,64
128,"LARI.LAR",7,159
128,"LARI.LAR",8,12
128,"LARI.LAR",9,1
128,"LARI.LAR",10,0
129,"LARI.LAR",1,2
129,"LARI.LAR",2,0
129,"LARI.LAR",3,9
129,"LARI.LAR",4,1
129,"LARI.LAR",5,34
129,"LARI.LAR",6,68
129,"LARI.LAR",7,164
129,"LARI.LAR",8,11
129,"LARI.LAR",9,2
129,"LARI.LAR",10,0
130,"LARI.LAR",1,1
130,"LARI.LAR",2,0
130,"LARI.LAR",3,5
130,"LARI.LAR",4,0
130,"LARI.LAR",5,19
130,"LARI.LAR",6,51
130,"LARI.LAR",7,129
130,"LARI.LAR",8,8
130,"LARI.LAR",9,1
130,"LARI.LAR",10,0
131,"LARI.LAR",1,1
131,"LARI.LAR",2,0
131,"LARI.LAR",3,7
131,"LARI.LAR",4,0
131,"LARI.LAR",5,25
131,"LARI.LAR",6,69
131,"LARI.LAR",7,167
131,"LARI.LAR",8,10
131,"LARI.LAR",9,1
131,"LARI.LAR",10,0
132,"LARI.LAR",1,2
132,"LARI.LAR",2,0
132,"LARI.LAR",3,7
132,"LARI.LAR",4,1
132,"LARI.LAR",5,21
132,"LARI.LAR",6,58
132,"LARI.LAR",7,142
132,"LARI.LAR",8,9
132,"LARI.LAR",9,2
132,"LARI.LAR",10,0
205,"LARI.LAR",1,9
205,"LARI.LAR",2,1
205,"LARI.LAR",3,14
205,"LARI.LAR",4,2
205,"LARI.LAR",5,62
205,"LARI.LAR",6,112
205,"LARI.LAR",7,257
205,"LARI.LAR",8,19
205,"LARI.LAR",9,5
205,"LARI.LAR",10,0
206,"LARI.LAR",1,4
206,"LARI.LAR",2,0
206,"LARI.LAR",3,8
206,"LARI.LAR",4,1
206,"LARI.LAR",5,53
206,"LARI.LAR",6,80
206,"LARI.LAR",7,194
206,"LARI.LAR",8,15
206,"LARI.LAR",9,2
206,"LARI.LAR",10,0
207,"LARI.LAR",1,4
207,"LARI.LAR",2,0
207,"LARI.LAR",3,7
207,"LARI.LAR",4,2
207,"LARI.LAR",5,40
207,"LARI.LAR",6,68
207,"LARI.LAR",7,170
207,"LARI.LAR",8,11
207,"LARI.LAR",9,1
207,"LARI.LAR",10,0
208,"LARI.LAR",1,4
208,"LARI.LAR",2,0
208,"LARI.LAR",3,7
208,"LARI.LAR",4,2
208,"LARI.LAR",5,46
208,"LARI.LAR",6,75
208,"LARI.LAR",7,184
208,"LARI.LAR",8,14
208,"LARI.LAR",9,2
208,"LARI.LAR",10,0
209,"LARI.LAR",1,10
209,"LARI.LAR",2,1
209,"LARI.LAR",3,18
209,"LARI.LAR",4,3
209,"LARI.LAR",5,53
209,"LARI.LAR",6,115
209,"LARI.LAR",7,261
209,"LARI.LAR",8,17
209,"LARI.LAR",9,6
209,"LARI.LAR",10,0
210,"LARI.LAR",1,9
210,"LARI.LAR",2,1
210,"LARI.LAR",3,18
210,"LARI.LAR",4,3
210,"LARI.LAR",5,58
210,"LARI.LAR",6,117
210,"LARI.LAR",7,265
210,"LARI.LAR",8,18
210,"LARI.LAR",9,6
210,"LARI.LAR",10,0
211,"LARI.LAR",1,9
211,"LARI.LAR",2,1
211,"LARI.LAR",3,15
211,"LARI.LAR",4,3
211,"LARI.LAR",5,47
211,"LARI.LAR",6,105
211,"LARI.LAR",7,240
211,"LARI.LAR",8,13
211,"LARI.LAR",9,5
211,"LARI.LAR",10,0
212,"LARI.LAR",1,2
212,"LARI.LAR",2,0
212,"LARI.LAR",3,8
212,"LARI.LAR",4,1
212,"LARI.LAR",5,60
212,"LARI.LAR",6,95
212,"LARI.LAR",7,233
212,"LARI.LAR",8,19
212,"LARI.LAR",9,2
212,"LARI.LAR",10,0
213,"LARI.LAR",1,2
213,"LARI.LAR",2,0
213,"LARI.LAR",3,8
213,"LARI.LAR",4,1
213,"LARI.LAR",5,58
213,"LARI.LAR",6,89
213,"LARI.LAR",7,218
213,"LARI.LAR",8,19
213,"LARI.LAR",9,1
213,"LARI.LAR",10,0
214,"LARI.LAR",1,2
214,"LARI.LAR",2,0
214,"LARI.LAR",3,8
214,"LARI.LAR",4,1
214,"LARI.LAR",5,59
214,"LARI.LAR",6,89
214,"LARI.LAR",7,218
214,"LARI.LAR",8,19
214,"LARI.LAR",9,1
214,"LARI.LAR",10,0
215,"LARI.LAR",1,7
215,"LARI.LAR",2,0
215,"LARI.LAR",3,17
215,"LARI.LAR",4,4
215,"LARI.LAR",5,90
215,"LARI.LAR",6,164
215,"LARI.LAR",7,383
215,"LARI.LAR",8,32
215,"LARI.LAR",9,5
215,"LARI.LAR",10,0
216,"LARI.LAR",1,4
216,"LARI.LAR",2,0
216,"LARI.LAR",3,11
216,"LARI.LAR",4,3
216,"LARI.LAR",5,73
216,"LARI.LAR",6,123
216,"LARI.LAR",7,295
216,"LARI.LAR",8,24
216,"LARI.LAR",9,3
216,"LARI.LAR",10,0
217,"LARI.LAR",1,6
217,"LARI.LAR",2,0
217,"LARI.LAR",3,14
217,"LARI.LAR",4,2
217,"LARI.LAR",5,96
217,"LARI.LAR",6,151
217,"LARI.LAR",7,356
217,"LARI.LAR",8,37
217,"LARI.LAR",9,4
217,"LARI.LAR",10,0
218,"LARI.LAR",1,2
218,"LARI.LAR",2,0
218,"LARI.LAR",3,6
218,"LARI.LAR",4,1
218,"LARI.LAR",5,58
218,"LARI.LAR",6,82
218,"LARI.LAR",7,204
218,"LARI.LAR",8,20
218,"LARI.LAR",9,1
218,"LARI.LAR",10,0
219,"LARI.LAR",1,2
219,"LARI.LAR",2,0
219,"LARI.LAR",3,5
219,"LARI.LAR",4,1
219,"LARI.LAR",5,51
219,"LARI.LAR",6,71
219,"LARI.LAR",7,178
219,"LARI.LAR",8,18
219,"LARI.LAR",9,1
219,"LARI.LAR",10,0
220,"LARI.LAR",1,1
220,"LARI.LAR",2,0
220,"LARI.LAR",3,16
220,"LARI.LAR",4,1
220,"LARI.LAR",5,32
220,"LARI.LAR",6,107
220,"LARI.LAR",7,254
220,"LARI.LAR",8,10
220,"LARI.LAR",9,2
220,"LARI.LAR",10,0
226,"LARI.LAR",1,4
226,"LARI.LAR",2,1
226,"LARI.LAR",3,10
226,"LARI.LAR",4,2
226,"LARI.LAR",5,69
226,"LARI.LAR",6,105
226,"LARI.LAR",7,256
226,"LARI.LAR",8,27
226,"LARI.LAR",9,3
226,"LARI.LAR",10,0
227,"LARI.LAR",1,12
227,"LARI.LAR",2,1
227,"LARI.LAR",3,16
227,"LARI.LAR",4,3
227,"LARI.LAR",5,70
227,"LARI.LAR",6,150
227,"LARI.LAR",7,340
227,"LARI.LAR",8,27
227,"LARI.LAR",9,5
227,"LARI.LAR",10,0
296,"LARI.LAR",1,1
296,"LARI.LAR",2,0
296,"LARI.LAR",3,3
296,"LARI.LAR",4,1
296,"LARI.LAR",5,24
296,"LARI.LAR",6,34
296,"LARI.LAR",7,87
296,"LARI.LAR",8,6
296,"LARI.LAR",9,0
296,"LARI.LAR",10,0
297,"LARI.LAR",1,1
297,"LARI.LAR",2,0
297,"LARI.LAR",3,4
297,"LARI.LAR",4,1
297,"LARI.LAR",5,26
297,"LARI.LAR",6,41
297,"LARI.LAR",7,103
297,"LARI.LAR",8,6
297,"LARI.LAR",9,1
297,"LARI.LAR",10,0
67,"PICE.GLA",1,111
67,"PICE.GLA",2,8
67,"PICE.GLA",3,124
67,"PICE.GLA",4,19
67,"PICE.GLA",5,675
67,"PICE.GLA",6,999
67,"PICE.GLA",7,2177
67,"PICE.GLA",8,497
67,"PICE.GLA",9,58
67,"PICE.GLA",10,0
68,"PICE.GLA",1,145
68,"PICE.GLA",2,9
68,"PICE.GLA",3,162
68,"PICE.GLA",4,23
68,"PICE.GLA",5,903
68,"PICE.GLA",6,1311
68,"PICE.GLA",7,2787
68,"PICE.GLA",8,664
68,"PICE.GLA",9,77
68,"PICE.GLA",10,0
122,"PICE.GLA",1,94
122,"PICE.GLA",2,11
122,"PICE.GLA",3,103
122,"PICE.GLA",4,23
122,"PICE.GLA",5,239
122,"PICE.GLA",6,582
122,"PICE.GLA",7,1305
122,"PICE.GLA",8,156
122,"PICE.GLA",9,44
122,"PICE.GLA",10,0
123,"PICE.GLA",1,97
123,"PICE.GLA",2,10
123,"PICE.GLA",3,107
123,"PICE.GLA",4,25
123,"PICE.GLA",5,224
123,"PICE.GLA",6,571
123,"PICE.GLA",7,1262
123,"PICE.GLA",8,154
123,"PICE.GLA",9,46
123,"PICE.GLA",10,0
124,"PICE.GLA",1,128
124,"PICE.GLA",2,14
124,"PICE.GLA",3,108
124,"PICE.GLA",4,20
124,"PICE.GLA",5,680
124,"PICE.GLA",6,918
124,"PICE.GLA",7,2095
124,"PICE.GLA",8,493
124,"PICE.GLA",9,51
124,"PICE.GLA",10,0
125,"PICE.GLA",1,290
125,"PICE.GLA",2,19
125,"PICE.GLA",3,278
125,"PICE.GLA",4,39
125,"PICE.GLA",5,1747
125,"PICE.GLA",6,2270
125,"PICE.GLA",7,4792
125,"PICE.GLA",8,1319
125,"PICE.GLA",9,137
125,"PICE.GLA",10,0
126,"PICE.GLA",1,140
126,"PICE.GLA",2,14
126,"PICE.GLA",3,126
126,"PICE.GLA",4,21
126,"PICE.GLA",5,780
126,"PICE.GLA",6,1050
126,"PICE.GLA",7,2340
126,"PICE.GLA",8,575
126,"PICE.GLA",9,61
126,"PICE.GLA",10,0
127,"PICE.GLA",1,105
127,"PICE.GLA",2,11
127,"PICE.GLA",3,107
127,"PICE.GLA",4,20
127,"PICE.GLA",5,525
127,"PICE.GLA",6,767
127,"PICE.GLA",7,1726
127,"PICE.GLA",8,365
127,"PICE.GLA",9,47
127,"PICE.GLA",10,0
128,"PICE.GLA",1,135
128,"PICE.GLA",2,13
128,"PICE.GLA",3,129
128,"PICE.GLA",4,23
128,"PICE.GLA",5,687
128,"PICE.GLA",6,970
128,"PICE.GLA",7,2164
128,"PICE.GLA",8,487
128,"PICE.GLA",9,58
128,"PICE.GLA",10,0
129,"PICE.GLA",1,233
129,"PICE.GLA",2,15
129,"PICE.GLA",3,243
129,"PICE.GLA",4,35
129,"PICE.GLA",5,1359
129,"PICE.GLA",6,1845
129,"PICE.GLA",7,3902
129,"PICE.GLA",8,1002
129,"PICE.GLA",9,113
129,"PICE.GLA",10,0
130,"PICE.GLA",1,225
130,"PICE.GLA",2,16
130,"PICE.GLA",3,216
130,"PICE.GLA",4,33
130,"PICE.GLA",5,1235
130,"PICE.GLA",6,1647
130,"PICE.GLA",7,3526
130,"PICE.GLA",8,906
130,"PICE.GLA",9,101
130,"PICE.GLA",10,0
131,"PICE.GLA",1,340
131,"PICE.GLA",2,20
131,"PICE.GLA",3,328
131,"PICE.GLA",4,48
131,"PICE.GLA",5,1895
131,"PICE.GLA",6,2458
131,"PICE.GLA",7,5087
131,"PICE.GLA",8,1427
131,"PICE.GLA",9,158
131,"PICE.GLA",10,0
132,"PICE.GLA",1,340
132,"PICE.GLA",2,20
132,"PICE.GLA",3,349
132,"PICE.GLA",4,49
132,"PICE.GLA",5,1957
132,"PICE.GLA",6,2577
132,"PICE.GLA",7,5325
132,"PICE.GLA",8,1469
132,"PICE.GLA",9,165
132,"PICE.GLA",10,0
205,"PICE.GLA",1,77
205,"PICE.GLA",2,7
205,"PICE.GLA",3,94
205,"PICE.GLA",4,13
205,"PICE.GLA",5,315
205,"PICE.GLA",6,577
205,"PICE.GLA",7,1270
205,"PICE.GLA",8,176
205,"PICE.GLA",9,36
205,"PICE.GLA",10,0
206,"PICE.GLA",1,59
206,"PICE.GLA",2,6
206,"PICE.GLA",3,78
206,"PICE.GLA",4,12
206,"PICE.GLA",5,241
206,"PICE.GLA",6,482
206,"PICE.GLA",7,1065
206,"PICE.GLA",8,126
206,"PICE.GLA",9,29
206,"PICE.GLA",10,0
207,"PICE.GLA",1,63
207,"PICE.GLA",2,6
207,"PICE.GLA",3,76
207,"PICE.GLA",4,9
207,"PICE.GLA",5,351
207,"PICE.GLA",6,576
207,"PICE.GLA",7,1295
207,"PICE.GLA",8,203
207,"PICE.GLA",9,28
207,"PICE.GLA",10,0
208,"PICE.GLA",1,49
208,"PICE.GLA",2,6
208,"PICE.GLA",3,59
208,"PICE.GLA",4,9
208,"PICE.GLA",5,261
208,"PICE.GLA",6,425
208,"PICE.GLA",7,990
208,"PICE.GLA",8,149
208,"PICE.GLA",9,21
208,"PICE.GLA",10,0
209,"PICE.GLA",1,56
209,"PICE.GLA",2,6
209,"PICE.GLA",3,70
209,"PICE.GLA",4,9
209,"PICE.GLA",5,283
209,"PICE.GLA",6,492
209,"PICE.GLA",7,1115
209,"PICE.GLA",8,149
209,"PICE.GLA",9,26
209,"PICE.GLA",10,0
210,"PICE.GLA",1,67
210,"PICE.GLA",2,7
210,"PICE.GLA",3,81
210,"PICE.GLA",4,10
210,"PICE.GLA",5,344
210,"PICE.GLA",6,575
210,"PICE.GLA",7,1290
210,"PICE.GLA",8,184
210,"PICE.GLA",9,31
210,"PICE.GLA",10,0
211,"PICE.GLA",1,60
211,"PICE.GLA",2,7
211,"PICE.GLA",3,72
211,"PICE.GLA",4,10
211,"PICE.GLA",5,312
211,"PICE.GLA",6,516
211,"PICE.GLA",7,1177
211,"PICE.GLA",8,167
211,"PICE.GLA",9,26
211,"PICE.GLA",10,0
212,"PICE.GLA",1,95
212,"PICE.GLA",2,8
212,"PICE.GLA",3,124
212,"PICE.GLA",4,22
212,"PICE.GLA",5,477
212,"PICE.GLA",6,810
212,"PICE.GLA",7,1831
212,"PICE.GLA",8,308
212,"PICE.GLA",9,48
212,"PICE.GLA",10,0
213,"PICE.GLA",1,105
213,"PICE.GLA",2,11
213,"PICE.GLA",3,108
213,"PICE.GLA",4,16
213,"PICE.GLA",5,505
213,"PICE.GLA",6,797
213,"PICE.GLA",7,1800
213,"PICE.GLA",8,341
213,"PICE.GLA",9,45
213,"PICE.GLA",10,0
214,"PICE.GLA",1,121
214,"PICE.GLA",2,13
214,"PICE.GLA",3,149
214,"PICE.GLA",4,21
214,"PICE.GLA",5,579
214,"PICE.GLA",6,965
214,"PICE.GLA",7,2113
214,"PICE.GLA",8,397
214,"PICE.GLA",9,60
214,"PICE.GLA",10,0
215,"PICE.GLA",1,158
215,"PICE.GLA",2,10
215,"PICE.GLA",3,206
215,"PICE.GLA",4,27
215,"PICE.GLA",5,818
215,"PICE.GLA",6,1338
215,"PICE.GLA",7,2897
215,"PICE.GLA",8,553
215,"PICE.GLA",9,83
215,"PICE.GLA",10,0
216,"PICE.GLA",1,97
216,"PICE.GLA",2,8
216,"PICE.GLA",3,144
216,"PICE.GLA",4,26
216,"PICE.GLA",5,469
216,"PICE.GLA",6,849
216,"PICE.GLA",7,1925
216,"PICE.GLA",8,303
216,"PICE.GLA",9,52
216,"PICE.GLA",10,0
217,"PICE.GLA",1,142
217,"PICE.GLA",2,9
217,"PICE.GLA",3,171
217,"PICE.GLA",4,24
217,"PICE.GLA",5,694
217,"PICE.GLA",6,1117
217,"PICE.GLA",7,2427
217,"PICE.GLA",8,452
217,"PICE.GLA",9,69
217,"PICE.GLA",10,0
218,"PICE.GLA",1,49
218,"PICE.GLA",2,4
218,"PICE.GLA",3,64
218,"PICE.GLA",4,11
218,"PICE.GLA",5,233
218,"PICE.GLA",6,418
218,"PICE.GLA",7,981
218,"PICE.GLA",8,137
218,"PICE.GLA",9,23
218,"PICE.GLA",10,0
219,"PICE.GLA",1,51
219,"PICE.GLA",2,5
219,"PICE.GLA",3,50
219,"PICE.GLA",4,9
219,"PICE.GLA",5,237
219,"PICE.GLA",6,389
219,"PICE.GLA",7,931
219,"PICE.GLA",8,138
219,"PICE.GLA",9,19
219,"PICE.GLA",10,0
220,"PICE.GLA",1,84
220,"PICE.GLA",2,10
220,"PICE.GLA",3,65
220,"PICE.GLA",4,14
220,"PICE.GLA",5,353
220,"PICE.GLA",6,560
220,"PICE.GLA",7,1362
220,"PICE.GLA",8,221
220,"PICE.GLA",9,28
220,"PICE.GLA",10,0
221,"PICE.GLA",1,177
221,"PICE.GLA",2,10
221,"PICE.GLA",3,192
221,"PICE.GLA",4,34
221,"PICE.GLA",5,1044
221,"PICE.GLA",6,1414
221,"PICE.GLA",7,3035
221,"PICE.GLA",8,722
221,"PICE.GLA",9,79
221,"PICE.GLA",10,0
226,"PICE.GLA",1,165
226,"PICE.GLA",2,10
226,"PICE.GLA",3,185
226,"PICE.GLA",4,28
226,"PICE.GLA",5,937
226,"PICE.GLA",6,1403
226,"PICE.GLA",7,3011
226,"PICE.GLA",8,632
226,"PICE.GLA",9,78
226,"PICE.GLA",10,0
227,"PICE.GLA",1,71
227,"PICE.GLA",2,9
227,"PICE.GLA",3,182
227,"PICE.GLA",4,39
227,"PICE.GLA",5,333
227,"PICE.GLA",6,752
227,"PICE.GLA",7,1585
227,"PICE.GLA",8,197
227,"PICE.GLA",9,67
227,"PICE.GLA",10,0
296,"PICE.GLA",1,49
296,"PICE.GLA",2,6
296,"PICE.GLA",3,66
296,"PICE.GLA",4,9
296,"PICE.GLA",5,239
296,"PICE.GLA",6,439
296,"PICE.GLA",7,1033
296,"PICE.GLA",8,101
296,"PICE.GLA",9,24
296,"PICE.GLA",10,0
297,"PICE.GLA",1,52
297,"PICE.GLA",2,5
297,"PICE.GLA",3,73
297,"PICE.GLA",4,11
297,"PICE.GLA",5,263
297,"PICE.GLA",6,470
297,"PICE.GLA",7,1064
297,"PICE.GLA",8,120
297,"PICE.GLA",9,26
297,"PICE.GLA",10,0
67,"PICE.MAR",1,94
67,"PICE.MAR",2,7
67,"PICE.MAR",3,122
67,"PICE.MAR",4,16
67,"PICE.MAR",5,686
67,"PICE.MAR",6,1100
67,"PICE.MAR",7,2462
67,"PICE.MAR",8,438
67,"PICE.MAR",9,51
67,"PICE.MAR",10,0
68,"PICE.MAR",1,70
68,"PICE.MAR",2,5
68,"PICE.MAR",3,93
68,"PICE.MAR",4,13
68,"PICE.MAR",5,539
68,"PICE.MAR",6,872
68,"PICE.MAR",7,1998
68,"PICE.MAR",8,333
68,"PICE.MAR",9,37
68,"PICE.MAR",10,0
122,"PICE.MAR",1,114
122,"PICE.MAR",2,9
122,"PICE.MAR",3,170
122,"PICE.MAR",4,29
122,"PICE.MAR",5,639
122,"PICE.MAR",6,1098
122,"PICE.MAR",7,2394
122,"PICE.MAR",8,365
122,"PICE.MAR",9,60
122,"PICE.MAR",10,0
123,"PICE.MAR",1,150
123,"PICE.MAR",2,10
123,"PICE.MAR",3,247
123,"PICE.MAR",4,33
123,"PICE.MAR",5,697
123,"PICE.MAR",6,1404
123,"PICE.MAR",7,3010
123,"PICE.MAR",8,385
123,"PICE.MAR",9,92
123,"PICE.MAR",10,0
124,"PICE.MAR",1,125
124,"PICE.MAR",2,9
124,"PICE.MAR",3,146
124,"PICE.MAR",4,19
124,"PICE.MAR",5,877
124,"PICE.MAR",6,1281
124,"PICE.MAR",7,2863
124,"PICE.MAR",8,576
124,"PICE.MAR",9,60
124,"PICE.MAR",10,0
125,"PICE.MAR",1,116
125,"PICE.MAR",2,8
125,"PICE.MAR",3,162
125,"PICE.MAR",4,20
125,"PICE.MAR",5,907
125,"PICE.MAR",6,1358
125,"PICE.MAR",7,3007
125,"PICE.MAR",8,600
125,"PICE.MAR",9,65
125,"PICE.MAR",10,0
126,"PICE.MAR",1,160
126,"PICE.MAR",2,10
126,"PICE.MAR",3,215
126,"PICE.MAR",4,23
126,"PICE.MAR",5,1180
126,"PICE.MAR",6,1797
126,"PICE.MAR",7,3861
126,"PICE.MAR",8,794
126,"PICE.MAR",9,87
126,"PICE.MAR",10,0
127,"PICE.MAR",1,176
127,"PICE.MAR",2,12
127,"PICE.MAR",3,234
127,"PICE.MAR",4,33
127,"PICE.MAR",5,1173
127,"PICE.MAR",6,1789
127,"PICE.MAR",7,3834
127,"PICE.MAR",8,754
127,"PICE.MAR",9,92
127,"PICE.MAR",10,0
128,"PICE.MAR",1,187
128,"PICE.MAR",2,12
128,"PICE.MAR",3,243
128,"PICE.MAR",4,31
128,"PICE.MAR",5,1326
128,"PICE.MAR",6,1951
128,"PICE.MAR",7,4180
128,"PICE.MAR",8,865
128,"PICE.MAR",9,96
128,"PICE.MAR",10,0
129,"PICE.MAR",1,185
129,"PICE.MAR",2,12
129,"PICE.MAR",3,216
129,"PICE.MAR",4,28
129,"PICE.MAR",5,1121
129,"PICE.MAR",6,1669
129,"PICE.MAR",7,3566
129,"PICE.MAR",8,777
129,"PICE.MAR",9,94
129,"PICE.MAR",10,0
130,"PICE.MAR",1,194
130,"PICE.MAR",2,13
130,"PICE.MAR",3,230
130,"PICE.MAR",4,30
130,"PICE.MAR",5,1301
130,"PICE.MAR",6,1911
130,"PICE.MAR",7,4153
130,"PICE.MAR",8,837
130,"PICE.MAR",9,96
130,"PICE.MAR",10,0
131,"PICE.MAR",1,199
131,"PICE.MAR",2,13
131,"PICE.MAR",3,267
131,"PICE.MAR",4,36
131,"PICE.MAR",5,1329
131,"PICE.MAR",6,2027
131,"PICE.MAR",7,4358
131,"PICE.MAR",8,865
131,"PICE.MAR",9,110
131,"PICE.MAR",10,0
132,"PICE.MAR",1,187
132,"PICE.MAR",2,13
132,"PICE.MAR",3,225
132,"PICE.MAR",4,31
132,"PICE.MAR",5,1265
132,"PICE.MAR",6,1851
132,"PICE.MAR",7,4028
132,"PICE.MAR",8,824
132,"PICE.MAR",9,95
132,"PICE.MAR",10,0
205,"PICE.MAR",1,308
205,"PICE.MAR",2,18
205,"PICE.MAR",3,380
205,"PICE.MAR",4,42
205,"PICE.MAR",5,1313
205,"PICE.MAR",6,2260
205,"PICE.MAR",7,4669
205,"PICE.MAR",8,742
205,"PICE.MAR",9,147
205,"PICE.MAR",10,0
206,"PICE.MAR",1,239
206,"PICE.MAR",2,17
206,"PICE.MAR",3,305
206,"PICE.MAR",4,37
206,"PICE.MAR",5,985
206,"PICE.MAR",6,1788
206,"PICE.MAR",7,3757
206,"PICE.MAR",8,541
206,"PICE.MAR",9,115
206,"PICE.MAR",10,0
207,"PICE.MAR",1,294
207,"PICE.MAR",2,17
207,"PICE.MAR",3,377
207,"PICE.MAR",4,42
207,"PICE.MAR",5,1384
207,"PICE.MAR",6,2394
207,"PICE.MAR",7,5007
207,"PICE.MAR",8,807
207,"PICE.MAR",9,147
207,"PICE.MAR",10,0
208,"PICE.MAR",1,296
208,"PICE.MAR",2,18
208,"PICE.MAR",3,426
208,"PICE.MAR",4,52
208,"PICE.MAR",5,1401
208,"PICE.MAR",6,2460
208,"PICE.MAR",7,5089
208,"PICE.MAR",8,829
208,"PICE.MAR",9,166
208,"PICE.MAR",10,0
209,"PICE.MAR",1,234
209,"PICE.MAR",2,18
209,"PICE.MAR",3,278
209,"PICE.MAR",4,31
209,"PICE.MAR",5,913
209,"PICE.MAR",6,1653
209,"PICE.MAR",7,3543
209,"PICE.MAR",8,486
209,"PICE.MAR",9,108
209,"PICE.MAR",10,0
210,"PICE.MAR",1,192
210,"PICE.MAR",2,17
210,"PICE.MAR",3,228
210,"PICE.MAR",4,29
210,"PICE.MAR",5,768
210,"PICE.MAR",6,1355
210,"PICE.MAR",7,2956
210,"PICE.MAR",8,404
210,"PICE.MAR",9,87
210,"PICE.MAR",10,0
211,"PICE.MAR",1,183
211,"PICE.MAR",2,17
211,"PICE.MAR",3,205
211,"PICE.MAR",4,26
211,"PICE.MAR",5,762
211,"PICE.MAR",6,1317
211,"PICE.MAR",7,2912
211,"PICE.MAR",8,396
211,"PICE.MAR",9,77
211,"PICE.MAR",10,0
212,"PICE.MAR",1,207
212,"PICE.MAR",2,17
212,"PICE.MAR",3,257
212,"PICE.MAR",4,33
212,"PICE.MAR",5,1036
212,"PICE.MAR",6,1770
212,"PICE.MAR",7,3858
212,"PICE.MAR",8,645
212,"PICE.MAR",9,106
212,"PICE.MAR",10,0
213,"PICE.MAR",1,264
213,"PICE.MAR",2,17
213,"PICE.MAR",3,337
213,"PICE.MAR",4,32
213,"PICE.MAR",5,1247
213,"PICE.MAR",6,2219
213,"PICE.MAR",7,4680
213,"PICE.MAR",8,782
213,"PICE.MAR",9,140
213,"PICE.MAR",10,0
214,"PICE.MAR",1,322
214,"PICE.MAR",2,18
214,"PICE.MAR",3,447
214,"PICE.MAR",4,37
214,"PICE.MAR",5,1468
214,"PICE.MAR",6,2785
214,"PICE.MAR",7,5759
214,"PICE.MAR",8,928
214,"PICE.MAR",9,182
214,"PICE.MAR",10,0
215,"PICE.MAR",1,166
215,"PICE.MAR",2,13
215,"PICE.MAR",3,223
215,"PICE.MAR",4,36
215,"PICE.MAR",5,905
215,"PICE.MAR",6,1505
215,"PICE.MAR",7,3282
215,"PICE.MAR",8,567
215,"PICE.MAR",9,88
215,"PICE.MAR",10,0
216,"PICE.MAR",1,221
216,"PICE.MAR",2,15
216,"PICE.MAR",3,331
216,"PICE.MAR",4,46
216,"PICE.MAR",5,1228
216,"PICE.MAR",6,2069
216,"PICE.MAR",7,4386
216,"PICE.MAR",8,780
216,"PICE.MAR",9,131
216,"PICE.MAR",10,0
217,"PICE.MAR",1,276
217,"PICE.MAR",2,19
217,"PICE.MAR",3,271
217,"PICE.MAR",4,38
217,"PICE.MAR",5,1554
217,"PICE.MAR",6,2106
217,"PICE.MAR",7,4548
217,"PICE.MAR",8,1004
217,"PICE.MAR",9,117
217,"PICE.MAR",10,0
218,"PICE.MAR",1,284
218,"PICE.MAR",2,18
218,"PICE.MAR",3,293
218,"PICE.MAR",4,40
218,"PICE.MAR",5,1539
218,"PICE.MAR",6,2186
218,"PICE.MAR",7,4673
218,"PICE.MAR",8,987
218,"PICE.MAR",9,126
218,"PICE.MAR",10,0
219,"PICE.MAR",1,318
219,"PICE.MAR",2,20
219,"PICE.MAR",3,323
219,"PICE.MAR",4,44
219,"PICE.MAR",5,1925
219,"PICE.MAR",6,2512
219,"PICE.MAR",7,5338
219,"PICE.MAR",8,1249
219,"PICE.MAR",9,138
219,"PICE.MAR",10,0
220,"PICE.MAR",1,265
220,"PICE.MAR",2,16
220,"PICE.MAR",3,274
220,"PICE.MAR",4,31
220,"PICE.MAR",5,1470
220,"PICE.MAR",6,2136
220,"PICE.MAR",7,4598
220,"PICE.MAR",8,942
220,"PICE.MAR",9,120
220,"PICE.MAR",10,0
221,"PICE.MAR",1,303
221,"PICE.MAR",2,19
221,"PICE.MAR",3,317
221,"PICE.MAR",4,40
221,"PICE.MAR",5,1823
221,"PICE.MAR",6,2504
221,"PICE.MAR",7,5364
221,"PICE.MAR",8,1187
221,"PICE.MAR",9,137
221,"PICE.MAR",10,0
226,"PICE.MAR",1,221
226,"PICE.MAR",2,16
226,"PICE.MAR",3,350
226,"PICE.MAR",4,51
226,"PICE.MAR",5,1297
226,"PICE.MAR",6,2155
226,"PICE.MAR",7,4617
226,"PICE.MAR",8,809
226,"PICE.MAR",9,134
226,"PICE.MAR",10,0
227,"PICE.MAR",1,194
227,"PICE.MAR",2,15
227,"PICE.MAR",3,301
227,"PICE.MAR",4,39
227,"PICE.MAR",5,1126
227,"PICE.MAR",6,1934
227,"PICE.MAR",7,4152
227,"PICE.MAR",8,693
227,"PICE.MAR",9,113
227,"PICE.MAR",10,0
296,"PICE.MAR",1,298
296,"PICE.MAR",2,21
296,"PICE.MAR",3,322
296,"PICE.MAR",4,40
296,"PICE.MAR",5,1597
296,"PICE.MAR",6,2262
296,"PICE.MAR",7,4782
296,"PICE.MAR",8,878
296,"PICE.MAR",9,122
296,"PICE.MAR",10,0
297,"PICE.MAR",1,321
297,"PICE.MAR",2,21
297,"PICE.MAR",3,328
297,"PICE.MAR",4,43
297,"PICE.MAR",5,1760
297,"PICE.MAR",6,2328
297,"PICE.MAR",7,4915
297,"PICE.MAR",8,980
297,"PICE.MAR",9,126
297,"PICE.MAR",10,0
67,"PICE.RUB",1,281
67,"PICE.RUB",2,12
67,"PICE.RUB",3,466
67,"PICE.RUB",4,38
67,"PICE.RUB",5,1632
67,"PICE.RUB",6,3293
67,"PICE.RUB",7,6797
67,"PICE.RUB",8,1112
67,"PICE.RUB",9,204
67,"PICE.RUB",10,0
68,"PICE.RUB",1,405
68,"PICE.RUB",2,14
68,"PICE.RUB",3,712
68,"PICE.RUB",4,47
68,"PICE.RUB",5,2269
68,"PICE.RUB",6,5000
68,"PICE.RUB",7,10060
68,"PICE.RUB",8,1519
68,"PICE.RUB",9,305
68,"PICE.RUB",10,0
124,"PICE.RUB",1,45
124,"PICE.RUB",2,1
124,"PICE.RUB",3,154
124,"PICE.RUB",4,12
124,"PICE.RUB",5,400
124,"PICE.RUB",6,1463
124,"PICE.RUB",7,3145
124,"PICE.RUB",8,235
124,"PICE.RUB",9,36
124,"PICE.RUB",10,0
125,"PICE.RUB",1,100
125,"PICE.RUB",2,3
125,"PICE.RUB",3,266
125,"PICE.RUB",4,20
125,"PICE.RUB",5,899
125,"PICE.RUB",6,2407
125,"PICE.RUB",7,4942
125,"PICE.RUB",8,532
125,"PICE.RUB",9,79
125,"PICE.RUB",10,0
126,"PICE.RUB",1,384
126,"PICE.RUB",2,9
126,"PICE.RUB",3,644
126,"PICE.RUB",4,42
126,"PICE.RUB",5,1213
126,"PICE.RUB",6,4418
126,"PICE.RUB",7,8580
126,"PICE.RUB",8,829
126,"PICE.RUB",9,288
126,"PICE.RUB",10,0
127,"PICE.RUB",1,159
127,"PICE.RUB",2,4
127,"PICE.RUB",3,351
127,"PICE.RUB",4,25
127,"PICE.RUB",5,458
127,"PICE.RUB",6,1962
127,"PICE.RUB",7,4014
127,"PICE.RUB",8,257
127,"PICE.RUB",9,149
127,"PICE.RUB",10,0
128,"PICE.RUB",1,127
128,"PICE.RUB",2,3
128,"PICE.RUB",3,280
128,"PICE.RUB",4,24
128,"PICE.RUB",5,489
128,"PICE.RUB",6,1975
128,"PICE.RUB",7,4111
128,"PICE.RUB",8,277
128,"PICE.RUB",9,104
128,"PICE.RUB",10,0
129,"PICE.RUB",1,105
129,"PICE.RUB",2,3
129,"PICE.RUB",3,216
129,"PICE.RUB",4,15
129,"PICE.RUB",5,411
129,"PICE.RUB",6,1652
129,"PICE.RUB",7,3464
129,"PICE.RUB",8,228
129,"PICE.RUB",9,85
129,"PICE.RUB",10,0
130,"PICE.RUB",1,151
130,"PICE.RUB",2,5
130,"PICE.RUB",3,278
130,"PICE.RUB",4,26
130,"PICE.RUB",5,866
130,"PICE.RUB",6,1995
130,"PICE.RUB",7,4138
130,"PICE.RUB",8,555
130,"PICE.RUB",9,106
130,"PICE.RUB",10,0
131,"PICE.RUB",1,139
131,"PICE.RUB",2,6
131,"PICE.RUB",3,237
131,"PICE.RUB",4,22
131,"PICE.RUB",5,670
131,"PICE.RUB",6,1665
131,"PICE.RUB",7,3492
131,"PICE.RUB",8,428
131,"PICE.RUB",9,99
131,"PICE.RUB",10,0
132,"PICE.RUB",1,154
132,"PICE.RUB",2,6
132,"PICE.RUB",3,278
132,"PICE.RUB",4,25
132,"PICE.RUB",5,793
132,"PICE.RUB",6,1943
132,"PICE.RUB",7,4040
132,"PICE.RUB",8,515
132,"PICE.RUB",9,110
132,"PICE.RUB",10,0
205,"PICE.RUB",1,813
205,"PICE.RUB",2,30
205,"PICE.RUB",3,1002
205,"PICE.RUB",4,108
205,"PICE.RUB",5,1532
205,"PICE.RUB",6,4494
205,"PICE.RUB",7,8290
205,"PICE.RUB",8,1047
205,"PICE.RUB",9,427
205,"PICE.RUB",10,0
206,"PICE.RUB",1,533
206,"PICE.RUB",2,26
206,"PICE.RUB",3,608
206,"PICE.RUB",4,80
206,"PICE.RUB",5,1150
206,"PICE.RUB",6,2843
206,"PICE.RUB",7,5547
206,"PICE.RUB",8,723
206,"PICE.RUB",9,256
206,"PICE.RUB",10,0
207,"PICE.RUB",1,591
207,"PICE.RUB",2,25
207,"PICE.RUB",3,616
207,"PICE.RUB",4,84
207,"PICE.RUB",5,5912
207,"PICE.RUB",6,6131
207,"PICE.RUB",7,12388
207,"PICE.RUB",8,3403
207,"PICE.RUB",9,262
207,"PICE.RUB",10,0
208,"PICE.RUB",1,838
208,"PICE.RUB",2,27
208,"PICE.RUB",3,689
208,"PICE.RUB",4,83
208,"PICE.RUB",5,7789
208,"PICE.RUB",6,8017
208,"PICE.RUB",7,16032
208,"PICE.RUB",8,4605
208,"PICE.RUB",9,289
208,"PICE.RUB",10,0
209,"PICE.RUB",1,573
209,"PICE.RUB",2,27
209,"PICE.RUB",3,616
209,"PICE.RUB",4,64
209,"PICE.RUB",5,2014
209,"PICE.RUB",6,3412
209,"PICE.RUB",7,6864
209,"PICE.RUB",8,1241
209,"PICE.RUB",9,252
209,"PICE.RUB",10,0
210,"PICE.RUB",1,345
210,"PICE.RUB",2,19
210,"PICE.RUB",3,411
210,"PICE.RUB",4,65
210,"PICE.RUB",5,1016
210,"PICE.RUB",6,2070
210,"PICE.RUB",7,4075
210,"PICE.RUB",8,608
210,"PICE.RUB",9,172
210,"PICE.RUB",10,0
211,"PICE.RUB",1,275
211,"PICE.RUB",2,16
211,"PICE.RUB",3,365
211,"PICE.RUB",4,75
211,"PICE.RUB",5,577
211,"PICE.RUB",6,1622
211,"PICE.RUB",7,3099
211,"PICE.RUB",8,341
211,"PICE.RUB",9,156
211,"PICE.RUB",10,0
213,"PICE.RUB",1,1584
213,"PICE.RUB",2,48
213,"PICE.RUB",3,1445
213,"PICE.RUB",4,102
213,"PICE.RUB",5,6990
213,"PICE.RUB",6,10597
213,"PICE.RUB",7,20309
213,"PICE.RUB",8,5594
213,"PICE.RUB",9,670
213,"PICE.RUB",10,0
215,"PICE.RUB",1,1121
215,"PICE.RUB",2,34
215,"PICE.RUB",3,1119
215,"PICE.RUB",4,95
215,"PICE.RUB",5,7858
215,"PICE.RUB",6,11125
215,"PICE.RUB",7,21916
215,"PICE.RUB",8,5584
215,"PICE.RUB",9,467
215,"PICE.RUB",10,0
216,"PICE.RUB",1,1466
216,"PICE.RUB",2,41
216,"PICE.RUB",3,1337
216,"PICE.RUB",4,103
216,"PICE.RUB",5,7689
216,"PICE.RUB",6,11148
216,"PICE.RUB",7,21499
216,"PICE.RUB",8,5957
216,"PICE.RUB",9,623
216,"PICE.RUB",10,0
217,"PICE.RUB",1,20
217,"PICE.RUB",2,1
217,"PICE.RUB",3,71
217,"PICE.RUB",4,19
217,"PICE.RUB",5,0
217,"PICE.RUB",6,669
217,"PICE.RUB",7,1538
217,"PICE.RUB",8,0
217,"PICE.RUB",9,15
217,"PICE.RUB",10,0
218,"PICE.RUB",1,0
218,"PICE.RUB",2,0
218,"PICE.RUB",3,1
218,"PICE.RUB",4,0
218,"PICE.RUB",5,0
218,"PICE.RUB",6,48
218,"PICE.RUB",7,159
218,"PICE.RUB",8,0
218,"PICE.RUB",9,0
218,"PICE.RUB",10,0
219,"PICE.RUB",1,0
219,"PICE.RUB",2,0
219,"PICE.RUB",3,0
219,"PICE.RUB",4,0
219,"PICE.RUB",5,0
219,"PICE.RUB",6,1
219,"PICE.RUB",7,3
219,"PICE.RUB",8,0
219,"PICE.RUB",9,0
219,"PICE.RUB",10,0
221,"PICE.RUB",1,252
221,"PICE.RUB",2,9
221,"PICE.RUB",3,418
221,"PICE.RUB",4,88
221,"PICE.RUB",5,0
221,"PICE.RUB",6,1754
221,"PICE.RUB",7,3215
221,"PICE.RUB",8,0
221,"PICE.RUB",9,185
221,"PICE.RUB",10,0
227,"PICE.RUB",1,917
227,"PICE.RUB",2,20
227,"PICE.RUB",3,1122
227,"PICE.RUB",4,73
227,"PICE.RUB",5,6450
227,"PICE.RUB",6,10140
227,"PICE.RUB",7,19892
227,"PICE.RUB",8,4383
227,"PICE.RUB",9,434
227,"PICE.RUB",10,0
67,"PINU.BAN",1,134
67,"PINU.BAN",2,6
67,"PINU.BAN",3,184
67,"PINU.BAN",4,24
67,"PINU.BAN",5,1988
67,"PINU.BAN",6,2295
67,"PINU.BAN",7,4838
67,"PINU.BAN",8,1112
67,"PINU.BAN",9,65
67,"PINU.BAN",10,0
68,"PINU.BAN",1,171
68,"PINU.BAN",2,8
68,"PINU.BAN",3,228
68,"PINU.BAN",4,27
68,"PINU.BAN",5,2305
68,"PINU.BAN",6,2716
68,"PINU.BAN",7,5646
68,"PINU.BAN",8,1327
68,"PINU.BAN",9,82
68,"PINU.BAN",10,0
122,"PINU.BAN",1,402
122,"PINU.BAN",2,16
122,"PINU.BAN",3,305
122,"PINU.BAN",4,102
122,"PINU.BAN",5,782
122,"PINU.BAN",6,2238
122,"PINU.BAN",7,4504
122,"PINU.BAN",8,397
122,"PINU.BAN",9,127
122,"PINU.BAN",10,0
123,"PINU.BAN",1,306
123,"PINU.BAN",2,12
123,"PINU.BAN",3,246
123,"PINU.BAN",4,79
123,"PINU.BAN",5,816
123,"PINU.BAN",6,1933
123,"PINU.BAN",7,3970
123,"PINU.BAN",8,380
123,"PINU.BAN",9,93
123,"PINU.BAN",10,0
124,"PINU.BAN",1,244
124,"PINU.BAN",2,14
124,"PINU.BAN",3,235
124,"PINU.BAN",4,34
124,"PINU.BAN",5,3017
124,"PINU.BAN",6,3105
124,"PINU.BAN",7,6522
124,"PINU.BAN",8,1805
124,"PINU.BAN",9,91
124,"PINU.BAN",10,0
125,"PINU.BAN",1,309
125,"PINU.BAN",2,16
125,"PINU.BAN",3,365
125,"PINU.BAN",4,39
125,"PINU.BAN",5,3300
125,"PINU.BAN",6,3820
125,"PINU.BAN",7,7847
125,"PINU.BAN",8,2029
125,"PINU.BAN",9,148
125,"PINU.BAN",10,0
126,"PINU.BAN",1,235
126,"PINU.BAN",2,13
126,"PINU.BAN",3,269
126,"PINU.BAN",4,35
126,"PINU.BAN",5,2591
126,"PINU.BAN",6,2903
126,"PINU.BAN",7,6093
126,"PINU.BAN",8,1527
126,"PINU.BAN",9,113
126,"PINU.BAN",10,0
127,"PINU.BAN",1,265
127,"PINU.BAN",2,14
127,"PINU.BAN",3,257
127,"PINU.BAN",4,46
127,"PINU.BAN",5,3037
127,"PINU.BAN",6,3185
127,"PINU.BAN",7,6655
127,"PINU.BAN",8,1694
127,"PINU.BAN",9,93
127,"PINU.BAN",10,0
128,"PINU.BAN",1,243
128,"PINU.BAN",2,13
128,"PINU.BAN",3,249
128,"PINU.BAN",4,45
128,"PINU.BAN",5,2864
128,"PINU.BAN",6,3052
128,"PINU.BAN",7,6394
128,"PINU.BAN",8,1605
128,"PINU.BAN",9,88
128,"PINU.BAN",10,0
129,"PINU.BAN",1,168
129,"PINU.BAN",2,8
129,"PINU.BAN",3,189
129,"PINU.BAN",4,29
129,"PINU.BAN",5,2057
129,"PINU.BAN",6,2377
129,"PINU.BAN",7,4991
129,"PINU.BAN",8,1123
129,"PINU.BAN",9,69
129,"PINU.BAN",10,0
130,"PINU.BAN",1,92
130,"PINU.BAN",2,5
130,"PINU.BAN",3,101
130,"PINU.BAN",4,14
130,"PINU.BAN",5,1857
130,"PINU.BAN",6,1784
130,"PINU.BAN",7,3819
130,"PINU.BAN",8,954
130,"PINU.BAN",9,32
130,"PINU.BAN",10,0
131,"PINU.BAN",1,66
131,"PINU.BAN",2,3
131,"PINU.BAN",3,84
131,"PINU.BAN",4,11
131,"PINU.BAN",5,1564
131,"PINU.BAN",6,1555
131,"PINU.BAN",7,3367
131,"PINU.BAN",8,780
131,"PINU.BAN",9,24
131,"PINU.BAN",10,0
132,"PINU.BAN",1,103
132,"PINU.BAN",2,6
132,"PINU.BAN",3,105
132,"PINU.BAN",4,15
132,"PINU.BAN",5,1881
132,"PINU.BAN",6,1844
132,"PINU.BAN",7,3962
132,"PINU.BAN",8,996
132,"PINU.BAN",9,35
132,"PINU.BAN",10,0
205,"PINU.BAN",1,168
205,"PINU.BAN",2,8
205,"PINU.BAN",3,196
205,"PINU.BAN",4,38
205,"PINU.BAN",5,1268
205,"PINU.BAN",6,1608
205,"PINU.BAN",7,3386
205,"PINU.BAN",8,545
205,"PINU.BAN",9,63
205,"PINU.BAN",10,0
206,"PINU.BAN",1,150
206,"PINU.BAN",2,7
206,"PINU.BAN",3,178
206,"PINU.BAN",4,36
206,"PINU.BAN",5,1202
206,"PINU.BAN",6,1517
206,"PINU.BAN",7,3230
206,"PINU.BAN",8,491
206,"PINU.BAN",9,55
206,"PINU.BAN",10,0
207,"PINU.BAN",1,119
207,"PINU.BAN",2,6
207,"PINU.BAN",3,140
207,"PINU.BAN",4,25
207,"PINU.BAN",5,1258
207,"PINU.BAN",6,1449
207,"PINU.BAN",7,3107
207,"PINU.BAN",8,550
207,"PINU.BAN",9,43
207,"PINU.BAN",10,0
208,"PINU.BAN",1,134
208,"PINU.BAN",2,6
208,"PINU.BAN",3,164
208,"PINU.BAN",4,27
208,"PINU.BAN",5,1385
208,"PINU.BAN",6,1623
208,"PINU.BAN",7,3437
208,"PINU.BAN",8,620
208,"PINU.BAN",9,51
208,"PINU.BAN",10,0
209,"PINU.BAN",1,159
209,"PINU.BAN",2,7
209,"PINU.BAN",3,192
209,"PINU.BAN",4,34
209,"PINU.BAN",5,1406
209,"PINU.BAN",6,1697
209,"PINU.BAN",7,3588
209,"PINU.BAN",8,579
209,"PINU.BAN",9,59
209,"PINU.BAN",10,0
210,"PINU.BAN",1,124
210,"PINU.BAN",2,6
210,"PINU.BAN",3,149
210,"PINU.BAN",4,29
210,"PINU.BAN",5,1178
210,"PINU.BAN",6,1387
210,"PINU.BAN",7,2985
210,"PINU.BAN",8,468
210,"PINU.BAN",9,44
210,"PINU.BAN",10,0
211,"PINU.BAN",1,273
211,"PINU.BAN",2,9
211,"PINU.BAN",3,421
211,"PINU.BAN",4,44
211,"PINU.BAN",5,2477
211,"PINU.BAN",6,3256
211,"PINU.BAN",7,6516
211,"PINU.BAN",8,1080
211,"PINU.BAN",9,135
211,"PINU.BAN",10,0
212,"PINU.BAN",1,158
212,"PINU.BAN",2,7
212,"PINU.BAN",3,247
212,"PINU.BAN",4,27
212,"PINU.BAN",5,2195
212,"PINU.BAN",6,2508
212,"PINU.BAN",7,5227
212,"PINU.BAN",8,1109
212,"PINU.BAN",9,77
212,"PINU.BAN",10,0
213,"PINU.BAN",1,141
213,"PINU.BAN",2,8
213,"PINU.BAN",3,181
213,"PINU.BAN",4,25
213,"PINU.BAN",5,1873
213,"PINU.BAN",6,1984
213,"PINU.BAN",7,4236
213,"PINU.BAN",8,946
213,"PINU.BAN",9,55
213,"PINU.BAN",10,0
214,"PINU.BAN",1,151
214,"PINU.BAN",2,9
214,"PINU.BAN",3,193
214,"PINU.BAN",4,25
214,"PINU.BAN",5,1920
214,"PINU.BAN",6,2060
214,"PINU.BAN",7,4369
214,"PINU.BAN",8,979
214,"PINU.BAN",9,60
214,"PINU.BAN",10,0
215,"PINU.BAN",1,153
215,"PINU.BAN",2,7
215,"PINU.BAN",3,184
215,"PINU.BAN",4,22
215,"PINU.BAN",5,2047
215,"PINU.BAN",6,2243
215,"PINU.BAN",7,4667
215,"PINU.BAN",8,1059
215,"PINU.BAN",9,61
215,"PINU.BAN",10,0
216,"PINU.BAN",1,102
216,"PINU.BAN",2,5
216,"PINU.BAN",3,134
216,"PINU.BAN",4,16
216,"PINU.BAN",5,1713
216,"PINU.BAN",6,1803
216,"PINU.BAN",7,3824
216,"PINU.BAN",8,837
216,"PINU.BAN",9,40
216,"PINU.BAN",10,0
217,"PINU.BAN",1,2
217,"PINU.BAN",2,0
217,"PINU.BAN",3,26
217,"PINU.BAN",4,2
217,"PINU.BAN",5,630
217,"PINU.BAN",6,708
217,"PINU.BAN",7,1595
217,"PINU.BAN",8,196
217,"PINU.BAN",9,1
217,"PINU.BAN",10,0
218,"PINU.BAN",1,1
218,"PINU.BAN",2,0
218,"PINU.BAN",3,21
218,"PINU.BAN",4,1
218,"PINU.BAN",5,609
218,"PINU.BAN",6,644
218,"PINU.BAN",7,1489
218,"PINU.BAN",8,177
218,"PINU.BAN",9,1
218,"PINU.BAN",10,0
219,"PINU.BAN",1,1
219,"PINU.BAN",2,0
219,"PINU.BAN",3,14
219,"PINU.BAN",4,1
219,"PINU.BAN",5,455
219,"PINU.BAN",6,477
219,"PINU.BAN",7,1114
219,"PINU.BAN",8,128
219,"PINU.BAN",9,1
219,"PINU.BAN",10,0
226,"PINU.BAN",1,87
226,"PINU.BAN",2,2
226,"PINU.BAN",3,221
226,"PINU.BAN",4,19
226,"PINU.BAN",5,2036
226,"PINU.BAN",6,2363
226,"PINU.BAN",7,4904
226,"PINU.BAN",8,941
226,"PINU.BAN",9,57
226,"PINU.BAN",10,0
227,"PINU.BAN",1,213
227,"PINU.BAN",2,10
227,"PINU.BAN",3,286
227,"PINU.BAN",4,35
227,"PINU.BAN",5,2606
227,"PINU.BAN",6,2934
227,"PINU.BAN",7,6089
227,"PINU.BAN",8,1388
227,"PINU.BAN",9,88
227,"PINU.BAN",10,0
296,"PINU.BAN",1,222
296,"PINU.BAN",2,12
296,"PINU.BAN",3,205
296,"PINU.BAN",4,45
296,"PINU.BAN",5,2031
296,"PINU.BAN",6,2160
296,"PINU.BAN",7,4588
296,"PINU.BAN",8,894
296,"PINU.BAN",9,64
296,"PINU.BAN",10,0
297,"PINU.BAN",1,230
297,"PINU.BAN",2,12
297,"PINU.BAN",3,208
297,"PINU.BAN",4,49
297,"PINU.BAN",5,1902
297,"PINU.BAN",6,2110
297,"PINU.BAN",7,4467
297,"PINU.BAN",8,835
297,"PINU.BAN",9,66
297,"PINU.BAN",10,0
67,"PINU.RES",1,364
67,"PINU.RES",2,19
67,"PINU.RES",3,301
67,"PINU.RES",4,42
67,"PINU.RES",5,3449
67,"PINU.RES",6,3284
67,"PINU.RES",7,6658
67,"PINU.RES",8,2311
67,"PINU.RES",9,156
67,"PINU.RES",10,0
68,"PINU.RES",1,251
68,"PINU.RES",2,12
68,"PINU.RES",3,216
68,"PINU.RES",4,27
68,"PINU.RES",5,2870
68,"PINU.RES",6,2665
68,"PINU.RES",7,5412
68,"PINU.RES",8,1800
68,"PINU.RES",9,104
68,"PINU.RES",10,0
124,"PINU.RES",1,2
124,"PINU.RES",2,0
124,"PINU.RES",3,17
124,"PINU.RES",4,2
124,"PINU.RES",5,216
124,"PINU.RES",6,243
124,"PINU.RES",7,578
124,"PINU.RES",8,76
124,"PINU.RES",9,2
124,"PINU.RES",10,0
125,"PINU.RES",1,663
125,"PINU.RES",2,33
125,"PINU.RES",3,478
125,"PINU.RES",4,61
125,"PINU.RES",5,5473
125,"PINU.RES",6,5067
125,"PINU.RES",7,10063
125,"PINU.RES",8,3861
125,"PINU.RES",9,260
125,"PINU.RES",10,0
126,"PINU.RES",1,3
126,"PINU.RES",2,0
126,"PINU.RES",3,20
126,"PINU.RES",4,2
126,"PINU.RES",5,239
126,"PINU.RES",6,276
126,"PINU.RES",7,644
126,"PINU.RES",8,86
126,"PINU.RES",9,2
126,"PINU.RES",10,0
127,"PINU.RES",1,3
127,"PINU.RES",2,0
127,"PINU.RES",3,24
127,"PINU.RES",4,2
127,"PINU.RES",5,710
127,"PINU.RES",6,614
127,"PINU.RES",7,1346
127,"PINU.RES",8,263
127,"PINU.RES",9,2
127,"PINU.RES",10,0
128,"PINU.RES",1,3
128,"PINU.RES",2,0
128,"PINU.RES",3,22
128,"PINU.RES",4,2
128,"PINU.RES",5,738
128,"PINU.RES",6,634
128,"PINU.RES",7,1393
128,"PINU.RES",8,269
128,"PINU.RES",9,2
128,"PINU.RES",10,0
67,"PINU.STR",1,130
67,"PINU.STR",2,15
67,"PINU.STR",3,123
67,"PINU.STR",4,26
67,"PINU.STR",5,1400
67,"PINU.STR",6,1351
67,"PINU.STR",7,2907
67,"PINU.STR",8,836
67,"PINU.STR",9,57
67,"PINU.STR",10,0
68,"PINU.STR",1,222
68,"PINU.STR",2,22
68,"PINU.STR",3,208
68,"PINU.STR",4,41
68,"PINU.STR",5,2400
68,"PINU.STR",6,2262
68,"PINU.STR",7,4766
68,"PINU.STR",8,1447
68,"PINU.STR",9,99
68,"PINU.STR",10,0
122,"PINU.STR",1,1
122,"PINU.STR",2,0
122,"PINU.STR",3,0
122,"PINU.STR",4,0
122,"PINU.STR",5,0
122,"PINU.STR",6,3
122,"PINU.STR",7,7
122,"PINU.STR",8,0
122,"PINU.STR",9,0
122,"PINU.STR",10,0
123,"PINU.STR",1,1
123,"PINU.STR",2,0
123,"PINU.STR",3,0
123,"PINU.STR",4,0
123,"PINU.STR",5,0
123,"PINU.STR",6,3
123,"PINU.STR",7,7
123,"PINU.STR",8,0
123,"PINU.STR",9,0
123,"PINU.STR",10,0
124,"PINU.STR",1,23
124,"PINU.STR",2,2
124,"PINU.STR",3,28
124,"PINU.STR",4,4
124,"PINU.STR",5,297
124,"PINU.STR",6,319
124,"PINU.STR",7,715
124,"PINU.STR",8,159
124,"PINU.STR",9,11
124,"PINU.STR",10,0
125,"PINU.STR",1,20
125,"PINU.STR",2,2
125,"PINU.STR",3,37
125,"PINU.STR",4,8
125,"PINU.STR",5,248
125,"PINU.STR",6,330
125,"PINU.STR",7,761
125,"PINU.STR",8,118
125,"PINU.STR",9,14
125,"PINU.STR",10,0
126,"PINU.STR",1,8
126,"PINU.STR",2,1
126,"PINU.STR",3,13
126,"PINU.STR",4,2
126,"PINU.STR",5,110
126,"PINU.STR",6,137
126,"PINU.STR",7,332
126,"PINU.STR",8,52
126,"PINU.STR",9,4
126,"PINU.STR",10,0
127,"PINU.STR",1,0
127,"PINU.STR",2,0
127,"PINU.STR",3,0
127,"PINU.STR",4,0
127,"PINU.STR",5,0
127,"PINU.STR",6,3
127,"PINU.STR",7,6
127,"PINU.STR",8,0
127,"PINU.STR",9,0
127,"PINU.STR",10,0
128,"PINU.STR",1,29
128,"PINU.STR",2,2
128,"PINU.STR",3,45
128,"PINU.STR",4,5
128,"PINU.STR",5,421
128,"PINU.STR",6,500
128,"PINU.STR",7,1097
128,"PINU.STR",8,209
128,"PINU.STR",9,16
128,"PINU.STR",10,0
129,"PINU.STR",1,9
129,"PINU.STR",2,2
129,"PINU.STR",3,20
129,"PINU.STR",4,4
129,"PINU.STR",5,75
129,"PINU.STR",6,123
129,"PINU.STR",7,298
129,"PINU.STR",8,35
129,"PINU.STR",9,6
129,"PINU.STR",10,0
130,"PINU.STR",1,68
130,"PINU.STR",2,7
130,"PINU.STR",3,84
130,"PINU.STR",4,8
130,"PINU.STR",5,538
130,"PINU.STR",6,696
130,"PINU.STR",7,1494
130,"PINU.STR",8,305
130,"PINU.STR",9,34
130,"PINU.STR",10,0
131,"PINU.STR",1,0
131,"PINU.STR",2,0
131,"PINU.STR",3,0
131,"PINU.STR",4,0
131,"PINU.STR",5,0
131,"PINU.STR",6,3
131,"PINU.STR",7,7
131,"PINU.STR",8,0
131,"PINU.STR",9,0
131,"PINU.STR",10,0
132,"PINU.STR",1,0
132,"PINU.STR",2,0
132,"PINU.STR",3,0
132,"PINU.STR",4,0
132,"PINU.STR",5,0
132,"PINU.STR",6,3
132,"PINU.STR",7,7
132,"PINU.STR",8,0
132,"PINU.STR",9,0
132,"PINU.STR",10,0
205,"PINU.STR",1,1
205,"PINU.STR",2,0
205,"PINU.STR",3,0
205,"PINU.STR",4,0
205,"PINU.STR",5,0
205,"PINU.STR",6,3
205,"PINU.STR",7,7
205,"PINU.STR",8,0
205,"PINU.STR",9,0
205,"PINU.STR",10,0
206,"PINU.STR",1,1
206,"PINU.STR",2,0
206,"PINU.STR",3,0
206,"PINU.STR",4,0
206,"PINU.STR",5,1
206,"PINU.STR",6,4
206,"PINU.STR",7,7
206,"PINU.STR",8,0
206,"PINU.STR",9,0
206,"PINU.STR",10,0
207,"PINU.STR",1,0
207,"PINU.STR",2,0
207,"PINU.STR",3,0
207,"PINU.STR",4,0
207,"PINU.STR",5,0
207,"PINU.STR",6,3
207,"PINU.STR",7,6
207,"PINU.STR",8,0
207,"PINU.STR",9,0
207,"PINU.STR",10,0
208,"PINU.STR",1,0
208,"PINU.STR",2,0
208,"PINU.STR",3,0
208,"PINU.STR",4,0
208,"PINU.STR",5,0
208,"PINU.STR",6,3
208,"PINU.STR",7,6
208,"PINU.STR",8,0
208,"PINU.STR",9,0
208,"PINU.STR",10,0
209,"PINU.STR",1,1
209,"PINU.STR",2,0
209,"PINU.STR",3,0
209,"PINU.STR",4,0
209,"PINU.STR",5,0
209,"PINU.STR",6,4
209,"PINU.STR",7,7
209,"PINU.STR",8,0
209,"PINU.STR",9,0
209,"PINU.STR",10,0
210,"PINU.STR",1,1
210,"PINU.STR",2,0
210,"PINU.STR",3,0
210,"PINU.STR",4,0
210,"PINU.STR",5,0
210,"PINU.STR",6,4
210,"PINU.STR",7,7
210,"PINU.STR",8,0
210,"PINU.STR",9,0
210,"PINU.STR",10,0
211,"PINU.STR",1,1
211,"PINU.STR",2,0
211,"PINU.STR",3,0
211,"PINU.STR",4,0
211,"PINU.STR",5,0
211,"PINU.STR",6,4
211,"PINU.STR",7,7
211,"PINU.STR",8,0
211,"PINU.STR",9,0
211,"PINU.STR",10,0
212,"PINU.STR",1,1
212,"PINU.STR",2,0
212,"PINU.STR",3,0
212,"PINU.STR",4,0
212,"PINU.STR",5,0
212,"PINU.STR",6,3
212,"PINU.STR",7,7
212,"PINU.STR",8,0
212,"PINU.STR",9,0
212,"PINU.STR",10,0
213,"PINU.STR",1,0
213,"PINU.STR",2,0
213,"PINU.STR",3,0
213,"PINU.STR",4,0
213,"PINU.STR",5,0
213,"PINU.STR",6,2
213,"PINU.STR",7,4
213,"PINU.STR",8,0
213,"PINU.STR",9,0
213,"PINU.STR",10,0
214,"PINU.STR",1,1
214,"PINU.STR",2,0
214,"PINU.STR",3,0
214,"PINU.STR",4,0
214,"PINU.STR",5,0
214,"PINU.STR",6,3
214,"PINU.STR",7,5
214,"PINU.STR",8,0
214,"PINU.STR",9,0
214,"PINU.STR",10,0
215,"PINU.STR",1,1
215,"PINU.STR",2,0
215,"PINU.STR",3,0
215,"PINU.STR",4,0
215,"PINU.STR",5,0
215,"PINU.STR",6,3
215,"PINU.STR",7,6
215,"PINU.STR",8,0
215,"PINU.STR",9,0
215,"PINU.STR",10,0
216,"PINU.STR",1,1
216,"PINU.STR",2,0
216,"PINU.STR",3,0
216,"PINU.STR",4,0
216,"PINU.STR",5,0
216,"PINU.STR",6,3
216,"PINU.STR",7,6
216,"PINU.STR",8,0
216,"PINU.STR",9,0
216,"PINU.STR",10,0
217,"PINU.STR",1,0
217,"PINU.STR",2,0
217,"PINU.STR",3,0
217,"PINU.STR",4,0
217,"PINU.STR",5,0
217,"PINU.STR",6,2
217,"PINU.STR",7,4
217,"PINU.STR",8,0
217,"PINU.STR",9,0
217,"PINU.STR",10,0
218,"PINU.STR",1,0
218,"PINU.STR",2,0
218,"PINU.STR",3,0
218,"PINU.STR",4,0
218,"PINU.STR",5,0
218,"PINU.STR",6,1
218,"PINU.STR",7,3
218,"PINU.STR",8,0
218,"PINU.STR",9,0
218,"PINU.STR",10,0
219,"PINU.STR",1,0
219,"PINU.STR",2,0
219,"PINU.STR",3,0
219,"PINU.STR",4,0
219,"PINU.STR",5,0
219,"PINU.STR",6,1
219,"PINU.STR",7,3
219,"PINU.STR",8,0
219,"PINU.STR",9,0
219,"PINU.STR",10,0
67,"POPU.TRE",1,75
67,"POPU.TRE",2,3
67,"POPU.TRE",3,133
67,"POPU.TRE",4,12
67,"POPU.TRE",5,1101
67,"POPU.TRE",6,1392
67,"POPU.TRE",7,2916
67,"POPU.TRE",8,599
67,"POPU.TRE",9,53
67,"POPU.TRE",10,0
68,"POPU.TRE",1,85
68,"POPU.TRE",2,3
68,"POPU.TRE",3,148
68,"POPU.TRE",4,11
68,"POPU.TRE",5,1262
68,"POPU.TRE",6,1570
68,"POPU.TRE",7,3242
68,"POPU.TRE",8,701
68,"POPU.TRE",9,59
68,"POPU.TRE",10,0
122,"POPU.TRE",1,23
122,"POPU.TRE",2,1
122,"POPU.TRE",3,62
122,"POPU.TRE",4,13
122,"POPU.TRE",5,663
122,"POPU.TRE",6,744
122,"POPU.TRE",7,1676
122,"POPU.TRE",8,270
122,"POPU.TRE",9,11
122,"POPU.TRE",10,0
123,"POPU.TRE",1,21
123,"POPU.TRE",2,1
123,"POPU.TRE",3,54
123,"POPU.TRE",4,11
123,"POPU.TRE",5,480
123,"POPU.TRE",6,551
123,"POPU.TRE",7,1225
123,"POPU.TRE",8,207
123,"POPU.TRE",9,10
123,"POPU.TRE",10,0
124,"POPU.TRE",1,41
124,"POPU.TRE",2,2
124,"POPU.TRE",3,81
124,"POPU.TRE",4,8
124,"POPU.TRE",5,910
124,"POPU.TRE",6,1051
124,"POPU.TRE",7,2300
124,"POPU.TRE",8,436
124,"POPU.TRE",9,25
124,"POPU.TRE",10,0
125,"POPU.TRE",1,56
125,"POPU.TRE",2,2
125,"POPU.TRE",3,115
125,"POPU.TRE",4,10
125,"POPU.TRE",5,1020
125,"POPU.TRE",6,1308
125,"POPU.TRE",7,2762
125,"POPU.TRE",8,508
125,"POPU.TRE",9,40
125,"POPU.TRE",10,0
126,"POPU.TRE",1,39
126,"POPU.TRE",2,2
126,"POPU.TRE",3,75
126,"POPU.TRE",4,8
126,"POPU.TRE",5,785
126,"POPU.TRE",6,927
126,"POPU.TRE",7,2033
126,"POPU.TRE",8,383
126,"POPU.TRE",9,24
126,"POPU.TRE",10,0
127,"POPU.TRE",1,36
127,"POPU.TRE",2,2
127,"POPU.TRE",3,68
127,"POPU.TRE",4,11
127,"POPU.TRE",5,637
127,"POPU.TRE",6,816
127,"POPU.TRE",7,1809
127,"POPU.TRE",8,271
127,"POPU.TRE",9,19
127,"POPU.TRE",10,0
128,"POPU.TRE",1,49
128,"POPU.TRE",2,2
128,"POPU.TRE",3,91
128,"POPU.TRE",4,13
128,"POPU.TRE",5,874
128,"POPU.TRE",6,1122
128,"POPU.TRE",7,2440
128,"POPU.TRE",8,380
128,"POPU.TRE",9,28
128,"POPU.TRE",10,0
129,"POPU.TRE",1,52
129,"POPU.TRE",2,2
129,"POPU.TRE",3,114
129,"POPU.TRE",4,13
129,"POPU.TRE",5,881
129,"POPU.TRE",6,1237
129,"POPU.TRE",7,2638
129,"POPU.TRE",8,401
129,"POPU.TRE",9,36
129,"POPU.TRE",10,0
130,"POPU.TRE",1,97
130,"POPU.TRE",2,3
130,"POPU.TRE",3,150
130,"POPU.TRE",4,18
130,"POPU.TRE",5,1160
130,"POPU.TRE",6,1509
130,"POPU.TRE",7,3127
130,"POPU.TRE",8,588
130,"POPU.TRE",9,59
130,"POPU.TRE",10,0
131,"POPU.TRE",1,146
131,"POPU.TRE",2,5
131,"POPU.TRE",3,220
131,"POPU.TRE",4,21
131,"POPU.TRE",5,1742
131,"POPU.TRE",6,2092
131,"POPU.TRE",7,4253
131,"POPU.TRE",8,955
131,"POPU.TRE",9,94
131,"POPU.TRE",10,0
132,"POPU.TRE",1,145
132,"POPU.TRE",2,5
132,"POPU.TRE",3,209
132,"POPU.TRE",4,20
132,"POPU.TRE",5,1707
132,"POPU.TRE",6,2053
132,"POPU.TRE",7,4184
132,"POPU.TRE",8,937
132,"POPU.TRE",9,91
132,"POPU.TRE",10,0
205,"POPU.TRE",1,67
205,"POPU.TRE",2,3
205,"POPU.TRE",3,90
205,"POPU.TRE",4,18
205,"POPU.TRE",5,504
205,"POPU.TRE",6,704
205,"POPU.TRE",7,1501
205,"POPU.TRE",8,211
205,"POPU.TRE",9,25
205,"POPU.TRE",10,0
206,"POPU.TRE",1,47
206,"POPU.TRE",2,3
206,"POPU.TRE",3,59
206,"POPU.TRE",4,16
206,"POPU.TRE",5,300
206,"POPU.TRE",6,466
206,"POPU.TRE",7,1024
206,"POPU.TRE",8,117
206,"POPU.TRE",9,15
206,"POPU.TRE",10,0
207,"POPU.TRE",1,44
207,"POPU.TRE",2,2
207,"POPU.TRE",3,68
207,"POPU.TRE",4,11
207,"POPU.TRE",5,445
207,"POPU.TRE",6,593
207,"POPU.TRE",7,1287
207,"POPU.TRE",8,193
207,"POPU.TRE",9,19
207,"POPU.TRE",10,0
208,"POPU.TRE",1,58
208,"POPU.TRE",2,3
208,"POPU.TRE",3,91
208,"POPU.TRE",4,12
208,"POPU.TRE",5,665
208,"POPU.TRE",6,827
208,"POPU.TRE",7,1764
208,"POPU.TRE",8,300
208,"POPU.TRE",9,27
208,"POPU.TRE",10,0
209,"POPU.TRE",1,46
209,"POPU.TRE",2,2
209,"POPU.TRE",3,77
209,"POPU.TRE",4,12
209,"POPU.TRE",5,438
209,"POPU.TRE",6,594
209,"POPU.TRE",7,1285
209,"POPU.TRE",8,173
209,"POPU.TRE",9,21
209,"POPU.TRE",10,0
210,"POPU.TRE",1,49
210,"POPU.TRE",2,2
210,"POPU.TRE",3,78
210,"POPU.TRE",4,12
210,"POPU.TRE",5,471
210,"POPU.TRE",6,629
210,"POPU.TRE",7,1363
210,"POPU.TRE",8,185
210,"POPU.TRE",9,21
210,"POPU.TRE",10,0
211,"POPU.TRE",1,53
211,"POPU.TRE",2,3
211,"POPU.TRE",3,84
211,"POPU.TRE",4,13
211,"POPU.TRE",5,489
211,"POPU.TRE",6,657
211,"POPU.TRE",7,1421
211,"POPU.TRE",8,193
211,"POPU.TRE",9,23
211,"POPU.TRE",10,0
212,"POPU.TRE",1,122
212,"POPU.TRE",2,4
212,"POPU.TRE",3,199
212,"POPU.TRE",4,21
212,"POPU.TRE",5,1154
212,"POPU.TRE",6,1654
212,"POPU.TRE",7,3360
212,"POPU.TRE",8,563
212,"POPU.TRE",9,78
212,"POPU.TRE",10,0
213,"POPU.TRE",1,47
213,"POPU.TRE",2,2
213,"POPU.TRE",3,92
213,"POPU.TRE",4,10
213,"POPU.TRE",5,778
213,"POPU.TRE",6,943
213,"POPU.TRE",7,2034
213,"POPU.TRE",8,352
213,"POPU.TRE",9,27
213,"POPU.TRE",10,0
214,"POPU.TRE",1,31
214,"POPU.TRE",2,2
214,"POPU.TRE",3,66
214,"POPU.TRE",4,8
214,"POPU.TRE",5,557
214,"POPU.TRE",6,673
214,"POPU.TRE",7,1481
214,"POPU.TRE",8,244
214,"POPU.TRE",9,18
214,"POPU.TRE",10,0
215,"POPU.TRE",1,123
215,"POPU.TRE",2,4
215,"POPU.TRE",3,181
215,"POPU.TRE",4,22
215,"POPU.TRE",5,1292
215,"POPU.TRE",6,1682
215,"POPU.TRE",7,3457
215,"POPU.TRE",8,649
215,"POPU.TRE",9,72
215,"POPU.TRE",10,0
216,"POPU.TRE",1,96
216,"POPU.TRE",2,3
216,"POPU.TRE",3,149
216,"POPU.TRE",4,18
216,"POPU.TRE",5,1035
216,"POPU.TRE",6,1375
216,"POPU.TRE",7,2849
216,"POPU.TRE",8,498
216,"POPU.TRE",9,58
216,"POPU.TRE",10,0
217,"POPU.TRE",1,36
217,"POPU.TRE",2,1
217,"POPU.TRE",3,89
217,"POPU.TRE",4,10
217,"POPU.TRE",5,733
217,"POPU.TRE",6,968
217,"POPU.TRE",7,2058
217,"POPU.TRE",8,315
217,"POPU.TRE",9,23
217,"POPU.TRE",10,0
218,"POPU.TRE",1,43
218,"POPU.TRE",2,1
218,"POPU.TRE",3,71
218,"POPU.TRE",4,10
218,"POPU.TRE",5,523
218,"POPU.TRE",6,723
218,"POPU.TRE",7,1527
218,"POPU.TRE",8,232
218,"POPU.TRE",9,23
218,"POPU.TRE",10,0
219,"POPU.TRE",1,34
219,"POPU.TRE",2,1
219,"POPU.TRE",3,65
219,"POPU.TRE",4,8
219,"POPU.TRE",5,560
219,"POPU.TRE",6,702
219,"POPU.TRE",7,1493
219,"POPU.TRE",8,247
219,"POPU.TRE",9,19
219,"POPU.TRE",10,0
220,"POPU.TRE",1,213
220,"POPU.TRE",2,6
220,"POPU.TRE",3,194
220,"POPU.TRE",4,52
220,"POPU.TRE",5,766
220,"POPU.TRE",6,1717
220,"POPU.TRE",7,3356
220,"POPU.TRE",8,326
220,"POPU.TRE",9,73
220,"POPU.TRE",10,0
221,"POPU.TRE",1,377
221,"POPU.TRE",2,11
221,"POPU.TRE",3,293
221,"POPU.TRE",4,92
221,"POPU.TRE",5,293
221,"POPU.TRE",6,1984
221,"POPU.TRE",7,3620
221,"POPU.TRE",8,122
221,"POPU.TRE",9,138
221,"POPU.TRE",10,0
226,"POPU.TRE",1,153
226,"POPU.TRE",2,5
226,"POPU.TRE",3,256
226,"POPU.TRE",4,29
226,"POPU.TRE",5,1312
226,"POPU.TRE",6,1935
226,"POPU.TRE",7,3881
226,"POPU.TRE",8,665
226,"POPU.TRE",9,101
226,"POPU.TRE",10,0
227,"POPU.TRE",1,67
227,"POPU.TRE",2,3
227,"POPU.TRE",3,133
227,"POPU.TRE",4,23
227,"POPU.TRE",5,775
227,"POPU.TRE",6,1049
227,"POPU.TRE",7,2220
227,"POPU.TRE",8,373
227,"POPU.TRE",9,43
227,"POPU.TRE",10,0
296,"POPU.TRE",1,68
296,"POPU.TRE",2,3
296,"POPU.TRE",3,73
296,"POPU.TRE",4,19
296,"POPU.TRE",5,407
296,"POPU.TRE",6,607
296,"POPU.TRE",7,1327
296,"POPU.TRE",8,152
296,"POPU.TRE",9,22
296,"POPU.TRE",10,0
297,"POPU.TRE",1,77
297,"POPU.TRE",2,4
297,"POPU.TRE",3,80
297,"POPU.TRE",4,22
297,"POPU.TRE",5,459
297,"POPU.TRE",6,680
297,"POPU.TRE",7,1469
297,"POPU.TRE",8,176
297,"POPU.TRE",9,26
297,"POPU.TRE",10,0
67,"QUER.RUB",1,51
67,"QUER.RUB",2,3
67,"QUER.RUB",3,68
67,"QUER.RUB",4,7
67,"QUER.RUB",5,392
67,"QUER.RUB",6,596
67,"QUER.RUB",7,1334
67,"QUER.RUB",8,199
67,"QUER.RUB",9,30
67,"QUER.RUB",10,0
68,"QUER.RUB",1,6
68,"QUER.RUB",2,0
68,"QUER.RUB",3,13
68,"QUER.RUB",4,2
68,"QUER.RUB",5,123
68,"QUER.RUB",6,181
68,"QUER.RUB",7,485
68,"QUER.RUB",8,45
68,"QUER.RUB",9,3
68,"QUER.RUB",10,0
67,"THUJ.SPP.ALL",1,84
67,"THUJ.SPP.ALL",2,10
67,"THUJ.SPP.ALL",3,164
67,"THUJ.SPP.ALL",4,20
67,"THUJ.SPP.ALL",5,603
67,"THUJ.SPP.ALL",6,1147
67,"THUJ.SPP.ALL",7,2518
67,"THUJ.SPP.ALL",8,432
67,"THUJ.SPP.ALL",9,66
67,"THUJ.SPP.ALL",10,0
68,"THUJ.SPP.ALL",1,85
68,"THUJ.SPP.ALL",2,11
68,"THUJ.SPP.ALL",3,175
68,"THUJ.SPP.ALL",4,22
68,"THUJ.SPP.ALL",5,657
68,"THUJ.SPP.ALL",6,1243
68,"THUJ.SPP.ALL",7,2721
68,"THUJ.SPP.ALL",8,467
68,"THUJ.SPP.ALL",9,68
68,"THUJ.SPP.ALL",10,0
124,"THUJ.SPP.ALL",1,82
124,"THUJ.SPP.ALL",2,10
124,"THUJ.SPP.ALL",3,121
124,"THUJ.SPP.ALL",4,13
124,"THUJ.SPP.ALL",5,374
124,"THUJ.SPP.ALL",6,799
124,"THUJ.SPP.ALL",7,1737
124,"THUJ.SPP.ALL",8,263
124,"THUJ.SPP.ALL",9,52
124,"THUJ.SPP.ALL",10,0
125,"THUJ.SPP.ALL",1,90
125,"THUJ.SPP.ALL",2,10
125,"THUJ.SPP.ALL",3,136
125,"THUJ.SPP.ALL",4,16
125,"THUJ.SPP.ALL",5,362
125,"THUJ.SPP.ALL",6,848
125,"THUJ.SPP.ALL",7,1840
125,"THUJ.SPP.ALL",8,266
125,"THUJ.SPP.ALL",9,60
125,"THUJ.SPP.ALL",10,0
126,"THUJ.SPP.ALL",1,77
126,"THUJ.SPP.ALL",2,9
126,"THUJ.SPP.ALL",3,116
126,"THUJ.SPP.ALL",4,14
126,"THUJ.SPP.ALL",5,342
126,"THUJ.SPP.ALL",6,755
126,"THUJ.SPP.ALL",7,1651
126,"THUJ.SPP.ALL",8,241
126,"THUJ.SPP.ALL",9,50
126,"THUJ.SPP.ALL",10,0
127,"THUJ.SPP.ALL",1,73
127,"THUJ.SPP.ALL",2,8
127,"THUJ.SPP.ALL",3,123
127,"THUJ.SPP.ALL",4,12
127,"THUJ.SPP.ALL",5,367
127,"THUJ.SPP.ALL",6,787
127,"THUJ.SPP.ALL",7,1725
127,"THUJ.SPP.ALL",8,244
127,"THUJ.SPP.ALL",9,48
127,"THUJ.SPP.ALL",10,0
128,"THUJ.SPP.ALL",1,60
128,"THUJ.SPP.ALL",2,7
128,"THUJ.SPP.ALL",3,104
128,"THUJ.SPP.ALL",4,10
128,"THUJ.SPP.ALL",5,306
128,"THUJ.SPP.ALL",6,672
128,"THUJ.SPP.ALL",7,1491
128,"THUJ.SPP.ALL",8,203
128,"THUJ.SPP.ALL",9,40
128,"THUJ.SPP.ALL",10,0
129,"THUJ.SPP.ALL",1,67
129,"THUJ.SPP.ALL",2,8
129,"THUJ.SPP.ALL",3,134
129,"THUJ.SPP.ALL",4,14
129,"THUJ.SPP.ALL",5,393
129,"THUJ.SPP.ALL",6,860
129,"THUJ.SPP.ALL",7,1897
129,"THUJ.SPP.ALL",8,273
129,"THUJ.SPP.ALL",9,50
129,"THUJ.SPP.ALL",10,0
130,"THUJ.SPP.ALL",1,102
130,"THUJ.SPP.ALL",2,12
130,"THUJ.SPP.ALL",3,163
130,"THUJ.SPP.ALL",4,17
130,"THUJ.SPP.ALL",5,497
130,"THUJ.SPP.ALL",6,1043
130,"THUJ.SPP.ALL",7,2281
130,"THUJ.SPP.ALL",8,359
130,"THUJ.SPP.ALL",9,67
130,"THUJ.SPP.ALL",10,0
131,"THUJ.SPP.ALL",1,95
131,"THUJ.SPP.ALL",2,12
131,"THUJ.SPP.ALL",3,163
131,"THUJ.SPP.ALL",4,18
131,"THUJ.SPP.ALL",5,519
131,"THUJ.SPP.ALL",6,1054
131,"THUJ.SPP.ALL",7,2308
131,"THUJ.SPP.ALL",8,368
131,"THUJ.SPP.ALL",9,66
131,"THUJ.SPP.ALL",10,0
132,"THUJ.SPP.ALL",1,94
132,"THUJ.SPP.ALL",2,12
132,"THUJ.SPP.ALL",3,163
132,"THUJ.SPP.ALL",4,18
132,"THUJ.SPP.ALL",5,525
132,"THUJ.SPP.ALL",6,1060
132,"THUJ.SPP.ALL",7,2324
132,"THUJ.SPP.ALL",8,372
132,"THUJ.SPP.ALL",9,66
132,"THUJ.SPP.ALL",10,0
206,"THUJ.SPP.ALL",1,41
206,"THUJ.SPP.ALL",2,4
206,"THUJ.SPP.ALL",3,79
206,"THUJ.SPP.ALL",4,21
206,"THUJ.SPP.ALL",5,0
206,"THUJ.SPP.ALL",6,280
206,"THUJ.SPP.ALL",7,617
206,"THUJ.SPP.ALL",8,0
206,"THUJ.SPP.ALL",9,29
206,"THUJ.SPP.ALL",10,0
208,"THUJ.SPP.ALL",1,1
208,"THUJ.SPP.ALL",2,0
208,"THUJ.SPP.ALL",3,9
208,"THUJ.SPP.ALL",4,1
208,"THUJ.SPP.ALL",5,90
208,"THUJ.SPP.ALL",6,141
208,"THUJ.SPP.ALL",7,353
208,"THUJ.SPP.ALL",8,39
208,"THUJ.SPP.ALL",9,1
208,"THUJ.SPP.ALL",10,0
215,"THUJ.SPP.ALL",1,110
215,"THUJ.SPP.ALL",2,13
215,"THUJ.SPP.ALL",3,210
215,"THUJ.SPP.ALL",4,22
215,"THUJ.SPP.ALL",5,578
215,"THUJ.SPP.ALL",6,1248
215,"THUJ.SPP.ALL",7,2736
215,"THUJ.SPP.ALL",8,403
215,"THUJ.SPP.ALL",9,78
215,"THUJ.SPP.ALL",10,0
219,"THUJ.SPP.ALL",1,0
219,"THUJ.SPP.ALL",2,0
219,"THUJ.SPP.ALL",3,0
219,"THUJ.SPP.ALL",4,0
219,"THUJ.SPP.ALL",5,11
219,"THUJ.SPP.ALL",6,22
219,"THUJ.SPP.ALL",7,68
219,"THUJ.SPP.ALL",8,1
219,"THUJ.SPP.ALL",9,0
219,"THUJ.SPP.ALL",10,0
227,"THUJ.SPP.ALL",1,2
227,"THUJ.SPP.ALL",2,0
227,"THUJ.SPP.ALL",3,14
227,"THUJ.SPP.ALL",4,2
227,"THUJ.SPP.ALL",5,85
227,"THUJ.SPP.ALL",6,161
227,"THUJ.SPP.ALL",7,403
227,"THUJ.SPP.ALL",8,42
227,"THUJ.SPP.ALL",9,2
227,"THUJ.SPP.ALL",10,0
67,"TSUG.CAN",1,47
67,"TSUG.CAN",2,8
67,"TSUG.CAN",3,96
67,"TSUG.CAN",4,17
67,"TSUG.CAN",5,547
67,"TSUG.CAN",6,825
67,"TSUG.CAN",7,1899
67,"TSUG.CAN",8,371
67,"TSUG.CAN",9,40
67,"TSUG.CAN",10,0
68,"TSUG.CAN",1,54
68,"TSUG.CAN",2,9
68,"TSUG.CAN",3,116
68,"TSUG.CAN",4,20
68,"TSUG.CAN",5,664
68,"TSUG.CAN",6,1001
68,"TSUG.CAN",7,2284
68,"TSUG.CAN",8,443
68,"TSUG.CAN",9,47
68,"TSUG.CAN",10,0
124,"TSUG.CAN",1,10
124,"TSUG.CAN",2,2
124,"TSUG.CAN",3,27
124,"TSUG.CAN",4,5
124,"TSUG.CAN",5,111
124,"TSUG.CAN",6,240
124,"TSUG.CAN",7,604
124,"TSUG.CAN",8,71
124,"TSUG.CAN",9,9
124,"TSUG.CAN",10,0
127,"TSUG.CAN",1,33
127,"TSUG.CAN",2,4
127,"TSUG.CAN",3,67
127,"TSUG.CAN",4,11
127,"TSUG.CAN",5,403
127,"TSUG.CAN",6,605
127,"TSUG.CAN",7,1398
127,"TSUG.CAN",8,260
127,"TSUG.CAN",9,25
127,"TSUG.CAN",10,0
129,"TSUG.CAN",1,26
129,"TSUG.CAN",2,4
129,"TSUG.CAN",3,58
129,"TSUG.CAN",4,11
129,"TSUG.CAN",5,331
129,"TSUG.CAN",6,524
129,"TSUG.CAN",7,1230
129,"TSUG.CAN",8,219
129,"TSUG.CAN",9,22
129,"TSUG.CAN",10,0
130,"TSUG.CAN",1,12
130,"TSUG.CAN",2,2
130,"TSUG.CAN",3,30
130,"TSUG.CAN",4,6
130,"TSUG.CAN",5,178
130,"TSUG.CAN",6,282
130,"TSUG.CAN",7,695
130,"TSUG.CAN",8,114
130,"TSUG.CAN",9,11
130,"TSUG.CAN",10,0
131,"TSUG.CAN",1,28
131,"TSUG.CAN",2,4
131,"TSUG.CAN",3,60
131,"TSUG.CAN",4,10
131,"TSUG.CAN",5,364
131,"TSUG.CAN",6,567
131,"TSUG.CAN",7,1330
131,"TSUG.CAN",8,238
131,"TSUG.CAN",9,23
131,"TSUG.CAN",10,0
132,"TSUG.CAN",1,27
132,"TSUG.CAN",2,5
132,"TSUG.CAN",3,58
132,"TSUG.CAN",4,10
132,"TSUG.CAN",5,275
132,"TSUG.CAN",6,465
132,"TSUG.CAN",7,1098
132,"TSUG.CAN",8,190
132,"TSUG.CAN",9,23
132,"TSUG.CAN",10,0
